Unnamed: 0,Structure,σ(RT)(S cm-1),Ea (eV),space group,ICSD Entry,DOI
0,LiAlSi3O8,1.30E-10,,2.0,81980.0,10.1039/c4cp03609c
1,LiSn2(PO4)3,2.04E-09,,2.0,83832.0,10.1002/chin.199345017
2,Li7BiO6,8.80E-07,0.58,2.0,155950.0,10.1021/ic030208w
3,Li7SbO6,6.70E-08,0.7,2.0,413370.0,10.1021/ic030208w
4,Li7P3S11,1.70E-02,0.17,2.0,157654.0,10.1002/adma.200401286
5,Li7P3S11,3.20E-03,0.124,2.0,157654.0,10.1016/j.ssi.2007.05.020
6,LiV(PO4)F,8.10E-07,0.23,2.0,183876.0,10.1016/j.ssi.2013.04.002
7,Li2B3PO8,5.80E-15,0.76,2.0,248343.0,10.1016/j.jssc.2014.11.024
8,Li3BP2O8,9.60E-12,0.62,2.0,248343.0,10.1016/j.jssc.2014.11.024
9,Li2NaBP2O8,4.40E-18,1.21,2.0,291512.0,10.1016/j.jssc.2014.11.024
10,Li4P2O7,<1E-10,1.617,2.0,248414.0,10.1016/j.jssc.2013.12.015
11,LiMgSO4F,5.40E-08,0.54,2.0,281119.0,10.1021/jp304767d
12,Li6CuB4O10,1.00E-13,0.92,2.0,4819.0,10.1021/acs.inorgchem.8b01785.s001
13,Li0.91Hf2.022(PO4)3,<1E-10,0.47,2.0,,
14,Li7P3S11,8.60E-03,0.29,2.0,,10.1021/acs.chemmater.6b02163.s001
15,Li2ZnGeO4,1.00E-07,0.4,7.0,34362.0,10.1016/0167-2738(83)90038-3
16,Li3.8Ge0.8P0.2S4,1.78E-06,0.47,11.0,,10.1149/1.1379028
17,Li3.6Ge0.6P0.4S4,1.75E-04,0.34,11.0,,10.1149/1.1379028
18,Li3.4Ge0.4P0.6S4,6.54E-04,0.28,11.0,,10.1149/1.1379028
19,Li3.35Ge0.35P0.65S4,1.54E-03,0.23,11.0,,10.1149/1.1379028
20,Li3.3Ge0.3P0.7S4,1.74E-03,0.22,11.0,,10.1149/1.1379028
21,Li3.25Ge0.25P0.75S4,2.20E-03,0.207,11.0,,10.1149/1.1379028
22,Li3.2Ge0.2P0.8S4,5.55E-04,0.27,11.0,,10.1149/1.1379028
23,Li4SiS4,5.00E-08,0.56,11.0,59708.0,
24,Li7.22Si1.5P0.5O8,1.64E-07,0.48,11.0,238602.0,
25,Li4SiO4,5.00E-10,0.55,11.0,238603.0,10.1016/0022-4596(84)90114-2
26,Li4SiS4,1.59E-08,0.56,11.0,,10.1006/jssc.2002.9701
27,Li3.8Si0.8P0.2S4,8.11E-07,0.37,11.0,,10.1006/jssc.2002.9701
28,Li3.6Si0.6P0.4S4,7.19E-05,0.34,11.0,,10.1006/jssc.2002.9701
29,Li3.5Si0.5P05S4,1.66E-04,0.34,11.0,,10.1006/jssc.2002.9701
30,Li3.4Si0.4P0.6S4,6.62E-04,0.29,11.0,,10.1006/jssc.2002.9701
31,Li3.3Si0.3P0.7S4,1.02E-05,0.36,11.0,,10.1006/jssc.2002.9701
32,Li3.2Si0.2P0.8S4,3.20E-06,0.37,11.0,,10.1006/jssc.2002.9701
33,Li4SiS4,1.62E-08,0.56,11.0,,10.1006/jssc.2002.9701
34,Li3.8Si0.8P0.2S4,8.07E-07,0.37,11.0,,10.1006/jssc.2002.9701
35,Li3.6Si0.6P0.4S4,7.11E-05,0.34,11.0,,10.1006/jssc.2002.9701
36,Li3.5Si0.5P0.5S4,1.61E-04,0.34,11.0,,
37,Li3.4Si0.4P0.6S4,6.49E-04,0.29,11.0,,10.1006/jssc.2002.9701
38,Li3.3Si0.3P0.7S4,9.84E-06,0.36,11.0,,10.1006/jssc.2002.9701
39,Li3.2Si0.2P0.8S4,3.05E-06,0.37,11.0,,10.1006/jssc.2002.9701
40,Li3.1P0.9Si0.1O4,7.47E-08,,11.0,,10.1002/adma.19960080205
41,Li3.5P0.5Si0.5O4,2.89E-06,,11.0,,10.1002/adma.19960080205
42,Li3.9P0.1Si0.9O4,1.99E-08,,11.0,,10.1002/adma.19960080205
43,Li3.7P0.3Si0.7O4,3.84E-07,,11.0,35168.0,10.1002/adma.19960080205
44,Li3InCl6,2.04E-03,0.35,12.0,89617.0,10.1002/anie.201909805
45,Li2P2S6,7.80E-11,0.48,12.0,253894.0,10.1021/acs.inorgchem.7b00751.s001
46,Li0.6[Li0.2Sn0.8S2],1.2E−4,0.17,12.0,,
47,Li3(Mo8S8O8(OH)8(HWO5(H2O)))*(H2O)18,3.80E-07,0.62,12.0,412011.0,10.1002/1521-3765(20020118)8:2<349::aid-chem349>3.0.co;2-5
48,Li17Sb13S28,1.05E-09,0.4,12.0,429902.0,10.1002/chem.201502052
49,Li3InBr6,9.04E-04,,12.0,,10.1016/s0167-2738(00)00491-4
50,Li3YBr6,1.92E-03,0.37,12.0,,10.1002/adma.201803075
51,Li0.84Sn0.79S2,1.20E-04,0.17,12.0,,10.1039/c6ee00633g
52,LiAlSi4O10,1.01E-10,,13.0,194284.0,10.1039/c4cp03609c
53,LiPO3,1.00E-09,,13.0,51630.0,10.15598/aeee.v13i2.1250
54,LiGaBr4,7.00E-06,0.54,14.0,61337.0,10.1016/s0167-2738(00)00491-4
55,Li2SO4,1.40E-14,1.1,14.0,2512.0,10.1051/epjap/2014130433
56,Li3BO3,7.40E-11,0.63,14.0,9105.0,10.1016/j.ssi.2015.10.016
57,Li6Ge2O7,8.50E-07,0.43,14.0,31050.0,10.4028/www.scientific.net/msf.76.107
58,LiAlCl4,1.00E-06,0.47,14.0,35275.0,10.1149/1.2133238
59,LiYO2,1.80E-08,0.72,14.0,45511.0,
60,LiBO2,1.00E-08,0.71,14.0,200891.0,10.1140/epjst/e2008-00753-4
61,LiClC3H7NO,1.60E-04,0.881,14.0,238683.0,10.1021/acs.chemmater.5b00940
62,LaLiO2,<1E-10,0.92,14.0,239278.0,10.1016/j.ssi.2015.09.001
63,(La0.9Sr0.1)LiO2,6.29E-10,0.62,14.0,239279.0,10.1016/j.ssi.2015.09.001
64,La(Li0.76Mg0.08)O2,7.27E-10,0.66,14.0,239280.0,10.1016/j.ssi.2015.09.001
65,Li2.5V2(PO4)3,1.90E-07,,14.0,240269.0,10.1021/cm034802f.s001
66,Li4Zn(PO4)2,<1E-10,1.3,14.0,255464.0,10.1021/acs.chemmater.7b05139.s006; 10.1021/acs.chemmater.7b05139.s006
67,LiSbO2,<1E-10,0.88,14.0,262075.0,10.1021/ic201183e
68,Li2Sr2Al(PO4)3,<1E-10,1.02,14.0,431319.0,10.1016/j.jssc.2016.08.006
69,Li2ZrO3,6.10E-10,0.78,15.0,94894.0,10.1016/0167-2738(81)90021-7
70,Li6Zr2O7,5.20E-10,0.68,15.0,73835.0,
71,Li3AlF6,5.00E-07,0.54,15.0,85171.0,10.1149/2.012206eel
72,Li2SnS3,1.50E-05,0.59,15.0,251656.0,10.1021/cm5037524
73,LiTa2PO8,1.60E-03,0.32,15.0,267438.0,10.1039/c8ta09170f
74,LiBaP2O7,1.00E-10,,15.0,280927.0,10.1007/s11581-014-1261-6
75,Li3Na5(TiS4)2,8.80E-06,0.4,15.0,391258.0,10.1016/j.jssc.2008.01.023
76,LiGd(PO3)4,<1E-10,1.7,15.0,416442.0,10.1016/j.jssc.2006.06.003
77,LiVO3,2.05E-09,,15.0,51443.0,
78,Li2CrCl4,<1E-10,1.22,15.0,202627.0,10.1016/0022-4596(88)90301-5
79,Li3ErI6,9.92E-05,0.37,15.0,,10.26434/chemrxiv.11627451
80,Li3.7Zn0.7Ga0.3(PO4)2,<1E-10,0.91,19.0,255466.0,10.1021/acs.chemmater.7b05139.s006
81,Li3SbS4,1.50E-06,0.518,31.0,8407.0,10.1016/j.ssi.2019.01.017
82,Li3PS4,2.60E-07,0.49,31.0,180318.0,10.1021/ja3110895
83,LiGaO2,2.40E-14,0.86,33.0,18152.0,10.1007/bf00549810
84,LiB6O9F,5.40E-24,1.38,33.0,420286.0,10.1002/zaac.200900056
85,Li3SbS3,1.00E-07,0.4,33.0,424834.0,10.1016/0167-2738(83)90222-9
86,LiSi2N3,6.17E-08,0.64,36.0,34118.0,10.1016/0167-2738(87)90119-6
87,Li2(PO2N),<1E-10,0.57,36.0,188493.0,10.1016/j.ssi.2012.12.013
88,LiGa2GeS6,3.80E-08,0.47,43.0,254406.0,10.1016/j.ssi.2014.04.015
89,La0.64Li0.08TiO3,3.35E-04,,47.0,92228.0,10.1016/s0167-2738(00)00761-x
90,La0.62Li0.14TiO3,4.42E-04,,47.0,92231.0,
91,La0.595Li0.215TiO3,8.53E-04,,47.0,92234.0,10.1016/s0167-2738(00)00761-x
92,Li0.4Na0.1La0.5Nb2O6,9.92E-06,,47.0,180629.0,10.1134/s002016851103006x
93,Li0.3Na0.2La0.5Nb2O6,1.11E-05,,47.0,180630.0,10.1134/s002016851103006x
94,Li0.2Na0.3La0.5Nb2O6,1.18E-05,,47.0,180631.0,
95,Li0.1Na0.4La0.5Nb2O6,1.21E-05,,47.0,180632.0,10.1134/s002016851103006x
96,Li0.07Na0.43La0.5Nb2O6,1.23E-05,,47.0,180633.0,10.1134/s002016851103006x
97,Li0.04Na0.46La0.5Nb2O6,5.91E-06,,47.0,180634.0,10.1134/s002016851103006x
98,Li0.02Na0.48La0.5Nb2O6,3.99E-06,,47.0,180635.0,
99,(Ag0.33Li0.67)0.27La0.57TiO3,1.00E-04,0.3,47.0,,
100,(Ag0.5Li0.5)0.27La0.57TiO3,2.30E-05,0.28,47.0,,10.1021/cm001207u
101,(Ag0.67Li0.33)0.27La0.57TiO3,2.00E-07,0.37,47.0,,
102,Pr0.56Li0.34TiO3.01,1.00E-06,0.47,47.0,,
103,Nd0.55Li0.34TiO3,8.00E-07,0.53,47.0,,
104,Li0.09La0.77TiO3,1.23E-04,,47.0,,10.1016/j.electacta.2010.06.031
105,Li0.15La0.72TiO3,4.14E-04,,47.0,,10.1016/j.electacta.2010.06.031
106,Li0.24La0.65TiO3,5.77E-04,,47.0,,10.1016/j.electacta.2010.06.031
107,Li0.12La0.75TiO3,2.38E-04,,47.0,,10.1016/j.electacta.2010.06.031
108,Li0.16La0.7TiO3,5.21E-04,,47.0,,10.1016/j.electacta.2010.06.031
109,Li0.23La0.7TiO3,5.26E-04,,47.0,,10.1016/j.electacta.2010.06.031
110,Li5AlO4,5.00E-10,0.99,59.0,16229.0,10.1016/0025-5408(76)90169-0
111,Li14Nd5(Si11N19O5)O2F2,1.70E-10,0.69,59.0,262923.0,10.1021/ja302255d
112,Li5GaO4,5.00E-09,0.71,61.0,9082.0,10.1016/0025-5408(76)90169-0
113,Li2SiN2,1.60E-07,,61.0,420126.0,10.1557/jmr.2011.50
114,Li6.5O8P1.5Si0.5,4.49E-07,0.44,62.0,238600.0,10.1021/jacs.5b04444
115,Li3.4Si0.7S0.3O4,4.21E-07,,62.0,47145.0,10.1039/jm9910101023
116,Li3.2Si0.6S0.4O4,1.32E-06,,62.0,,10.1039/jm9910101023
117,Li3.1Si0.55S0.45O4,3.14E-07,,62.0,,10.1039/jm9910101023
118,Li6.6SiPO8,1.48E-07,0.49,62.0,238601.0,10.1021/jacs.5b04444
119,Li4.2Si0.8Al0.2S4,2.40E-08,0.53,62.0,,10.1006/jssc.2002.9701
120,Li4.4Si0.6Al0.4S4,3.04E-08,0.52,62.0,,10.1006/jssc.2002.9701
121,Li4.6Si0.4Al0.6S4,1.45E-08,0.52,62.0,,10.1006/jssc.2002.9701
122,Li4.8Si0.2Al0.8S4,2.25E-07,0.52,62.0,,10.1006/jssc.2002.9701
123,Li3.8Si0.8Al0.2S4,2.38E-08,0.53,62.0,,10.1006/jssc.2002.9701
124,Li3.6Si0.6Al0.4S4,3.06E-08,0.52,62.0,,10.1006/jssc.2002.9701
125,Li3.4Si0.4Al0.6S4,1.45E-08,0.52,62.0,,10.1006/jssc.2002.9701
126,Li3.2Si0.2Al0.8S4,2.28E-07,0.52,62.0,,10.1006/jssc.2002.9701
127,Li4Zn(PO4)2,<1E-10,1.1,62.0,255465.0,10.1021/acs.chemmater.7b05139.s006; 10.1021/acs.chemmater.7b05139.s006
128,Li3.5Zn0.5Ga0.5(PO4)2,<1E-10,1.02,62.0,255468.0,10.1021/acs.chemmater.7b05139.s006
129,Li3PS4,1.60E-04,0.36,62.0,180319.0,10.1021/ja3110895
130,Li3PO4,<1E-10,1.14,62.0,20208.0,10.1134/1.1405880
131,Li3PS4,3.00E-07,,62.0,35018.0,10.1021/acs.chemmater.7b05108.s001
132,Li2.88PO3.73N0.14,1.40E-13,0.97,62.0,79426.0,10.1006/jssc.1995.1140
133,Li3PO4,4.20E-18,1.24,62.0,79427.0,10.1006/jssc.1995.1140
134,Li4GeS4,2.00E-07,0.53,62.0,92200.0,10.1016/j.ssi.2004.02.025
135,Li14Zn(GeO4)4,1.00E-06,0.24,62.0,100169.0,10.1016/0022-4596(88)90179-x
136,Li3.75Ge0.75V0.25O4,5.66E-06,,62.0,150918.0,10.1023/a:1026135806929
137,Li3.70Ge0.85W0.15O4,3.80E-05,,62.0,150920.0,10.1023/a:1026135806929
138,Li0.2Ca0.4TaO3,3.53E-09,0.54,62.0,151936.0,
139,Li0.2(Ca0.36Sr0.04)TaO3,9.20E-09,,62.0,151937.0,10.1016/j.solidstatesciences.2004.05.006
140,Li2Mg2(MoO4)3,<1E-10,0.71,62.0,170956.0,10.1039/b301189e
141,Li4SnSe4,2.00E-05,0.45,62.0,193768.0,
142,Li(BH4),1.00E-08,,62.0,239763.0,
143,LiZnSO4F,2.80E-05,0.2455,62.0,261343.0,10.1002/anie.201006331
144,Li4GeS4,2.00E-07,0.53,62.0,290831.0,10.1016/j.ssi.2004.02.025
145,Li4SnS4,7.00E-05,0.29,62.0,290832.0,10.1021/cm3011315
146,Li2ZnI4,4.00E-08,0.58,62.0,402062.0,10.1016/j.ssi.2007.10.018
147,Pr0.53Li0.41TiO3,8.40E-08,0.462,62.0,,
148,Pr0.54Li0.38TiO3,1.18E-06,0.452,62.0,,10.1016/s0167-2738(96)00420-1
149,Pr0.55Li0.35TiO3,1.51E-06,0.441,62.0,,10.1016/s0167-2738(96)00420-1
150,Pr0.56Li0.32TiO3,1.91E-06,0.437,62.0,,10.1016/s0167-2738(96)00420-1
151,Pr0.57Li0.29TiO3,2.86E-06,0.429,62.0,,10.1016/s0167-2738(96)00420-1
152,Pr0.58Li0.26TiO3,3.87E-06,0.421,62.0,,10.1016/s0167-2738(96)00420-1
153,Pr0.59Li0.23TiO3,3.40E-06,0.425,62.0,,10.1016/s0167-2738(96)00420-1
154,Li2.5Y0.5Zr0.5Cl6,1.40E-03,0.33,62.0,,10.1021/acsenergylett.9b02599
155,Li2.633Er0.633Zr0.367Cl6,1.10E-03,0.35,62.0,,10.1021/acsenergylett.9b02599
156,Li3.33Ge0.33V0.67O4,6.94E-06,,62.0,,
157,Li3.6Ge0.6V0.4O4,1.97E-05,0.44,62.0,,10.1016/0025-5408(80)90249-4
158,Li3.75Ge0.75V0.25O4,1.08E-05,,62.0,,10.1016/0025-5408(80)90249-4
159,Li3.5Ge0.5V0.5O4,1.77E-05,,62.0,66576.0,10.1016/0025-5408(80)90249-4
160,Li3.87Sn0.87As0.13S4,1.48E-05,0.39,62.0,,10.1039/c3ee43357a
161,Li3.855Sn0.855As0.145S4,1.31E-04,0.35,62.0,,10.1039/c3ee43357a
162,Li3.85Sn0.85As0.15S4,2.08E-04,0.31,62.0,,10.1039/c3ee43357a
163,Li3.84Sn0.84As0.16S4,5.85E-04,0.29,62.0,,10.1039/c3ee43357a
164,Li3.83Sn0.83As0.17S4,1.39E-03,0.21,62.0,,10.1039/c3ee43357a
165,Li3.825Sn0.825As0.175S4,5.18E-04,0.27,62.0,,10.1039/c3ee43357a
166,Li3.82Sn0.82As0.18S4,2.83E-04,0.35,62.0,,
167,Li3.8Sn0.8As0.2S4,1.06E-04,0.4,62.0,,10.1039/c3ee43357a
168,Li3.75Sn0.75As0.25S4,3.69E-06,0.48,62.0,,
169,Nd0.54Li0.36TiO3,3.42E-08,0.5,62.0,81047.0,10.1016/s0022-3697(96)00226-0
170,Pr0.51Li0.39TiO2.96,5.34E-07,0.44,62.0,81048.0,10.1016/s0022-3697(96)00226-0
171,Sm0.52Li0.38TiO2.97,2.00E-07,0.64,62.0,,
172,Li4GeO4,2.80E-10,0.73,63.0,18096.0,10.1111/j.1151-2916.1976.tb10985.x
173,LiCl*H2O,1.00E-08,0.777,63.0,281198.0,
174,Li2MgBr4,7.80E-10,0.77,65.0,73276.0,10.1002/chin.198639014
175,Li0.22La0.60TiO3,4.80E-04,0.391,65.0,,10.1039/c7ta00196g
176,Li0.18La0.61TiO3,2.00E-04,0.432,65.0,99398.0,10.1039/c7ta00196g
177,LiBiO2,3.80E-08,0.1,72.0,46022.0,10.1016/j.ssi.2015.10.016
178,Li2.5Zn0.25PS4,8.40E-04,,82.0,,
179,LiZnPS4,5.40E-08,,82.0,95785.0,10.1021/acs.chemmater.7b05108.s001
180,Li2Zn0.5PS4,1.30E-04,0.22,82.0,264462.0,10.1021/acs.chemmater.7b05108.s001
181,(Li1.69Zn0.66)PS4,1.30E-04,0.181,82.0,264462.0,10.1021/acs.chemmater.7b05108.s001
182,Li1.5Zn0.75PS4,1.65E-05,0.25,82.0,264463.0,10.1021/acs.chemmater.7b05108.s001
183,(Li1.19Zn0.9)PS4,6.50E-06,0.25,82.0,264463.0,
184,(Li0.5Ce0.5)(MoO4),1.30E-08,0.4,88.0,186450.0,10.1007/s12039-011-0068-5
185,(Li0.5Ce0.25Pr0.25)(MoO4),1.00E-09,0.5,88.0,186451.0,
186,(Li0.5Ce0.25Sm0.25)(MoO4),1.80E-10,0.5,88.0,186452.0,10.1007/s12039-011-0068-5
187,Li2TeO4,<1E-10,1.129,91.0,1485.0,
188,Li3BN2,1.60E-10,0.67,94.0,655673.0,10.1016/0022-4596(87)90135-6
189,Li2B4O7,1.00E-10,,110.0,65930.0,10.31274/rtd-180813-11688
190,LiY(BH4)4,1.26E-06,,112.0,239762.0,10.1039/c6ta02761j
191,LiPN2,1.60E-07,0.4,122.0,66007.0,10.1016/0167-2738(90)90432-q
192,La0.565Li0.305TiO3,9.57E-04,,123.0,92235.0,10.1016/s0167-2738(00)00761-x
193,La0.5Li0.5TiO3,9.25E-04,0.39,123.0,92236.0,10.1016/s0167-2738(00)00761-x
194,Li0.33La0.5TiO3,1.00E-03,0.15,123.0,82671.0,
195,Li0.27La0.57TiO3,3.40E-04,0.38,123.0,,10.1021/cm001207u
196,La0.61Li0.18TiO3,4.12E-04,,123.0,,
197,La0.55Li0.36TiO3,6.88E-04,0.35,123.0,,10.1016/s0167-2738(98)00070-8
198,La0.54Li0.39TiO3,6.51E-04,,123.0,,10.1016/s0167-2738(98)00070-8
199,La0.52Li0.45TiO3,5.01E-04,,123.0,50434.0,10.1016/s0167-2738(98)00070-8
200,La0.58Li0.27TiO3,5.99E-04,,123.0,82672.0,10.1016/s0167-2738(98)00070-8
201,La0.56Li0.33TiO3,6.68E-04,,123.0,504435.0,10.1016/s0167-2738(98)00070-8
202,Li0.31La0.63TiO3,4.11E-04,,123.0,,10.1016/j.electacta.2010.06.031
203,Li0.39La0.59TiO3,8.83E-04,,123.0,,10.1016/j.electacta.2010.06.031
204,Li0.49La0.55TiO3,9.39E-04,,123.0,,10.1016/j.electacta.2010.06.031
205,Li0.68La0.49TiO3,1.03E-03,,123.0,,10.1016/j.electacta.2010.06.031
206,Li0.24La0.65TiO3,9.57E-04,,123.0,,10.1016/j.electacta.2010.06.031
207,Li0.33La0.58TiO3,8.93E-04,,123.0,,10.1016/j.electacta.2010.06.031
208,Li0.36La0.55TiO3,9.34E-04,,123.0,,10.1016/j.electacta.2010.06.031
209,Li0.42La0.52TiO3,8.47E-04,,123.0,,10.1016/j.electacta.2010.06.031
210,Li0.29La0.57TiO3,4.40E-05,0.453,123.0,,10.1039/c7ta00196g
211,La0.56Li0.33TiO3,1.65E-04,0.41,123.0,,
212,La0.56Li0.33TiO3-5wt% Al2O3,1.66E-04,0.24,123.0,,
213,La0.56Li0.33TiO3-10wt% Al2O3,9.33E-04,0.17,123.0,,
214,La0.56Li0.33TiO3-15wt% Al2O3,9.56E-05,0.5,123.0,,
215,Li(LaTiO4),<1E-10,0.83,129.0,91843.0,10.4028/www.scientific.net/msf.321-324.965
216,Li(NdTiO4),<1E-10,0.87,129.0,91844.0,10.4028/www.scientific.net/msf.321-324.965
217,La0.65Li0.05(Mg0.5W0.5)O3,1.80E-07,0.46,129.0,151900.0,
218,La0.63Li0.11(Mg0.5W0.5)O3,6.80E-06,0.38,129.0,151901.0,
219,La0.62 Li0.14(Mg0.5W0.5)O3,1.20E-05,0.37,129.0,151902.0,
220,Li4PS4I,1.20E-04,0.37,129.0,432169.0,10.1021/acs.chemmater.7b00013.s001
221,Li9.75Sn0.75P2.25S12,3.57E-03,,137.0,,
222,Li6ZnO4,9.40E-09,0.61,137.0,62137.0,10.1016/0025-5408(76)90169-0
223,Li9.42Si1.02P2.1S9.96O2.04,1.10E-04,0.238,137.0,,10.1038/nenergy.2016.30
224,Li9.54Si1.74P1.44S11.7Cl0.3,2.53E-02,0.238,137.0,,10.1038/nenergy.2016.30
225,Li10GeP2S11.7O0.3,1.15E-02,0.155,137.0,,10.1038/nenergy.2016.30
226,Li10(Si0.5Sn0.5)P2S12,4.28E-03,0.29,137.0,,10.1038/nenergy.2016.30
227,Li9P3S9O3,4.27E-05,0.311,137.0,,10.1016/j.ssi.2005.03.023
228,Li10.05Ge1.05P1.95S12,1.22E-02,0.28,137.0,,10.1039/c4ta05231e
229,Li10.2Ge1.2P1.8S12,1.32E-02,,137.0,,10.1039/c4ta05231e
230,Li10.5Ge1.5P1.5S12,1.10E-02,,137.0,,10.1039/c4ta05231e
231,Li10GePS12,1.21E-02,,137.0,188887.0,10.1039/c4ta05231e
232,Li10.35Ge1.35P1.65S12,1.44E-02,0.269,137.0,193947.0,10.1039/c4ta05231e
233,Li3.475Si0.475P0.525S4,5.27E-03,,137.0,,10.1039/c4fd00143e
234,Li3.45Si0.45P0.55S4,6.73E-03,0.27,137.0,,10.1039/c4fd00143e
235,Li3.425Si0.425P0.575S4,5.65E-03,,137.0,,
236,Li3.4Si0.4P0.6S4,4.21E-03,,137.0,,10.1039/c4fd00143e
237,Li3.335Sn0.33P0.67S4,3.73E-03,,137.0,,10.1039/c4fd00143e
238,Li3.3Sn0.3P0.7S4,3.65E-03,,137.0,,10.1039/c4fd00143e
239,Li3.285Sn0.28P0.72S4,4.36E-03,,137.0,,10.1039/c4fd00143e
240,Li3.27Sn0.27P0.73S4,4.96E-03,,137.0,,10.1039/c4fd00143e
241,Li3.26Sn0.26P0.74S4,4.53E-03,,137.0,,10.1039/c4fd00143e
242,Li3.25Sn0.25P0.75S4,3.60E-03,,137.0,,10.1039/c4fd00143e
243,Li10SiP2S12,2.30E-03,0.196,137.0,,
244,Li10SnP2S12,7.00E-03,0.27,137.0,193755.0,
245,Li10GeP2S12,2.46E-02,0.274,137.0,241439.0,10.1021/acs.chemmater.8b00266
246,Li10(Ge0.776Sn0.224)P2S12,1.41E-02,0.276,137.0,255748.0,10.1021/acs.chemmater.8b00266
247,Li10SnP2S12,3.98E-03,0.305,137.0,255750.0,10.1021/acs.chemmater.8b00266
248,Li10(Ge0.416Sn0.584)P2S12,7.43E-03,0.285,137.0,255757.0,10.1021/acs.chemmater.8b00266
249,Li10.35Si1.35P1.65S12,6.50E-03,,137.0,252037.0,10.1107/s2052520615022283
250,Li9.81Sn0.81P2.19S12,5.50E-03,,137.0,252040.0,10.1107/s2052520615022283
251,Li10GeP2S12,1.20E-02,0.25,137.0,255749.0,10.1038/nmat3066
252,Li10.2Si1.2P1.8S12,4.16E-03,,137.0,,10.1021/acs.chemmater.7b00886.s001
253,Li10.275Si1.275P1.725S12,5.61E-03,,137.0,,
254,Li10.35Si1.35P1.65S12,6.68E-03,,137.0,,10.1021/acs.chemmater.7b00886.s001
255,Li10.425Si1.425P1.575S12,5.22E-03,,137.0,,10.1021/acs.chemmater.7b00886.s001
256,Li10GeP2S12,1.21E-02,,137.0,,10.1021/acs.chemmater.7b00886.s001
257,Li10.05Ge1.05P1.95S12,1.25E-02,,137.0,,10.1021/acs.chemmater.7b00886.s001
258,Li10.2Ge1.2P1.8S12,1.36E-02,,137.0,,10.1021/acs.chemmater.7b00886.s001
259,Li10.35Ge1.35P1.65S12,1.41E-02,,137.0,,10.1021/acs.chemmater.7b00886.s001
260,Li10.5Ge1.5P1.5S12,1.09E-02,,137.0,,10.1021/acs.chemmater.7b00886.s001
261,Li9.79Sn0.79P2.21S12,4.56E-03,,137.0,,10.1021/acs.chemmater.7b00886.s001
262,Li9.81Sn0.81P2.19S12,4.98E-03,,137.0,,10.1021/acs.chemmater.7b00886.s001
263,Li9.87Sn0.87P2.13S12,4.32E-03,,137.0,,10.1021/acs.chemmater.7b00886.s001
264,Li9.9Sn0.9P2.1S12,3.66E-03,,137.0,,10.1021/acs.chemmater.7b00886.s001
265,Li10SnP2S12,3.65E-03,,137.0,,10.1021/acs.chemmater.7b00886.s001
266,Li10.2(Sn0.2Si0.8)1.2P1.8S12,7.82E-03,,137.0,5667.0,10.1021/acs.chemmater.7b00886.s001
267,Li10.5(Sn0.2Si0.8)1.5P1.5S12,8.79E-03,,137.0,5668.0,10.1021/acs.chemmater.7b00886.s001
268,Li10.35(Sn0.2Si0.8)1.35P1.65S12,1.08E-02,,137.0,5669.0,
269,Li10.35(Sn0.27Si1.08)P1.65S12,1.10E-03,0.197,137.0,257946.0,10.1021/acs.chemmater.7b00886.s001
270,Li10.2(Sn0.2Si0.8)1.2P1.8S12,2.69E-03,,137.0,257948.0,
271,Li10GeP2S12,1.43E-03,0.24,137.0,,10.1016/j.ssi.2017.01.014
272,Li9.8Ba0.1GeP2S12,5.61E-04,,137.0,,10.1016/j.ssi.2017.01.014
273,Li9.6Ba0.2GeP2S12,5.72E-04,,137.0,,10.1016/j.ssi.2017.01.014
274,Li9.4Ba0.3GeP2S12,7.07E-04,0.29,137.0,,10.1016/j.ssi.2017.01.014
275,Li9.2Ba0.4GeP2S12,3.16E-04,,137.0,,10.1016/j.ssi.2017.01.014
276,Li9Ba0.5GeP2S12,9.98E-05,,137.0,,10.1016/j.ssi.2017.01.014
277,Li10GeP2S12,5.00E-03,0.35,137.0,,10.1021/acs.chemmater.6b02424.s001
278,LiLaNb2O7,<1E-8,,139.0,72566.0,
279,Li4Sr3Nb5.77Fe0.23O19.77,<1E-10,,139.0,87823.0,10.1021/cm980736j
280,Li4Sr3Nb6O20,<1E-10,,139.0,87824.0,10.1021/cm980736j
281,Li4Sr3.056Nb6O20,<1E-10,0.74,139.0,109168.0,
282,LiScO2,1.00E-12,0.87,141.0,36124.0,10.1016/0167-2738(81)90021-7
283,r-LiAlO2,1.10E-12,0.97,141.0,99517.0,10.1016/0167-2738(81)90021-7
284,Li3BN2,8.70E-08,0.55,141.0,155126.0,10.1016/0022-4596(87)90135-6
285,Li4SrN2,2.30E-13,0.9,141.0,87413.0,
286,LiScO2,<1E-10,1.047,141.0,257819.0,10.2320/matertrans.y-m2016816
287,Li0.9Sc0.9Zr0.1O2,<1E-10,0.912,141.0,257820.0,10.2320/matertrans.y-m2016816
288,Li7La3HfO12,9.85E-07,0.53,142.0,174202.0,10.1016/j.jssc.2009.10.030
289,Li7La3Zr2O12,1.63E-06,0.54,142.0,183684.0,10.1016/j.jssc.2009.05.020
290,Li7La3Zr2O12,5.00E-07,0.59,142.0,,
291,Li7La3Zr2O12,9.90E-06,0.43,142.0,238687.0,
292,LiGaSiO4,3.00E-16,0.9,146.0,65125.0,10.1016/0167-2738(87)90048-8
293,LiGa0.5Al0.5GeO4,<1E-10,1.06,146.0,257740.0,10.1149/2.1111610jes
294,LiAlGeO4,<1E-10,0.97,146.0,257741.0,10.1149/2.1111610jes
295,LiGaGeO4,<1E-10,1.12,148.0,257739.0,10.1149/2.1111610jes
296,LiTi2(PO4)3,1.61E-04,0.21,148.0,,10.1021/ic400577v
297,Li1.2Ti1.8Al0.2(PO4)3,4.82E-03,0.18,148.0,,10.1021/ic400577v
298,LiNaSO4,8.80E-10,,159.0,14364.0,10.1016/0167-2738(90)90312-f
299,Li3.333Mg0.333P2S6,8.20E-08,0.517,162.0,95606.0,10.1016/s0167-2738(02)00007-3
300,Li2.667Mg0.667P2S6,4.00E-06,0.46,162.0,95607.0,10.1016/s0167-2738(02)00007-3
301,Li4P2S6,2.38E-07,0.29,162.0,242170.0,10.1016/j.ssi.2015.10.015
302,Li4P2S6,1.60E-10,0.48,162.0,,10.1021/acs.chemmater.6b04175.s002
303,Li3YCl6,5.39E-04,0.4,164.0,,10.1002/adma.201803075
304,Li3ErCl6,3.30E-04,0.41,164.0,50151.0,10.1016/j.isci.2019.05.036
305,Li4.4Al0.4Ge0.6S4,4.33E-05,0.38,164.0,235201.0,10.1021/acs.chemmater.8b03175.s003
306,Li4.4Al0.4Sn0.6S4,3.60E-06,0.15,164.0,235207.0,10.1021/acs.chemmater.8b03175.s003
307,Li5NCl2,1.20E-06,0.5,166.0,84763.0,10.1016/0025-5408(79)90191-0
308,LiHf2(PO4)3,2.83E-07,,167.0,,
309,LiZr2(PO4)3,2.96E-10,,167.0,201935.0,10.1002/chin.199345017
310,LiGe2(PO4)3,3.33E-07,,167.0,263767.0,10.1002/chin.199345017
311,Li1.1Ti1.9Sc0.1(PO4)3,3.89E-04,0.3,167.0,,10.1021/acs.inorgchem.6b02274
312,Li1.2Ti1.8Sc0.2(PO4)3,2.51E-03,0.25,167.0,,10.1021/acs.inorgchem.6b02274
313,Li1.3Ti1.7Sc0.3(PO4)3,7.91E-04,0.28,167.0,,10.1021/acs.inorgchem.6b02274
314,Li1.4Ti1.6Sc0.4(PO4)3,1.99E-04,0.31,167.0,,10.1021/acs.inorgchem.6b02274
315,Li1.5Ti1.5Sc0.5(PO4)3,9.74E-05,0.32,167.0,,10.1021/acs.inorgchem.6b02274
316,LiTi2(PO4)3,7.61E-06,0.38,167.0,95979.0,10.1021/acs.inorgchem.6b02274
317,LiGe2(PO4)3,4.83E-09,0.654,167.0,69763.0,10.1021/acsami.8b00842
318,Li1.2Al0.2Ge1.8(PO4)3,4.83E-05,0.387,167.0,263760.0,10.1021/acsami.8b00842
319,Li1.4Al0.4Ge1.6(PO4)3,1.88E-04,0.407,167.0,263762.0,10.1021/acsami.8b00842
320,Li1.5Al0.5Ge1.5(PO4)3,3.36E-04,0.426,167.0,263763.0,10.1021/acsami.8b00842
321,Li1.7Al0.7Ge1.3(PO4)3,2.64E-04,0.45,167.0,263765.0,10.1021/acsami.8b00842
322,Li1.8Al0.8Ge1.2(PO4)3,1.37E-04,0.429,167.0,263766.0,10.1021/acsami.8b00842
323,LiTi2(PO4)3,1.00E-04,,167.0,,10.1149/1.2086597; 10.1246/cl.1990.331
324,Li1.2Ti2Si0.2P2.8O12,8.60E-05,,167.0,,10.1149/1.2086597
325,Li1.3Ti2Si0.3P2.7O12,3.20E-04,,167.0,,10.1149/1.2086597
326,Li1.4Ti2Si0.4P2.6O12,1.50E-04,,167.0,,
327,Li1.5Ti2Si0.5P2.5O12,9.60E-05,,167.0,,10.1149/1.2086597
328,Li1.3Al0.3Ti1.7(PO4)3,3.00E-03,,167.0,,
329,Li1.4Al0.4Ti1.6(PO4)3,3.88E-04,,167.0,,10.1149/1.2086597
330,Li1.5Al0.5Ti1.5(PO4)3,2.48E-04,,167.0,,10.1149/1.2086597
331,Li1.2Cr0.2Ti1.8(PO4)3,1.82E-05,,167.0,,10.1149/1.2086597
332,Li1.3Cr0.3Ti1.7(PO4)3,3.51E-05,,167.0,,10.1149/1.2086597
333,Li1.4Cr0.4Ti1.6(PO4)3,1.49E-04,,167.0,,10.1149/1.2086597
334,Li1.5Cr0.5Ti1.5(PO4)3,3.86E-04,,167.0,,10.1149/1.2086597
335,Li1.6Cr0.6Ti1.4(PO4)3,1.26E-04,,167.0,,10.1149/1.2086597
336,Li1.7Cr0.7Ti1.3(PO4)3,8.05E-06,,167.0,,10.1149/1.2086597
337,Li1.2Ga0.2Ti1.8(PO4)3,1.62E-04,,167.0,,10.1149/1.2086597
338,Li1.3Ga0.3Ti1.7(PO4)3,2.61E-04,,167.0,,10.1149/1.2086597
339,Li1.4Ga0.4Ti1.6(PO4)3,1.28E-04,,167.0,,10.1149/1.2086597
340,Li1.5Ga0.5Ti1.5(PO4)3,1.22E-04,,167.0,,10.1149/1.2086597
341,Li1.2Fe0.2Ti1.8(PO4)3,1.80E-04,,167.0,,
342,Li1.3Fe0.3Ti1.7(PO4)3,2.46E-04,,167.0,,
343,Li1.4Fe0.4Ti1.6(PO4)3,3.92E-04,,167.0,,10.1149/1.2086597
344,Li1.2Sc0.2Ti1.8(PO4)3,6.90E-04,,167.0,,10.1149/1.2086597
345,Li1.3Sc0.3Ti1.7(PO4)3,7.03E-04,,167.0,,10.1149/1.2086597
346,Li1.4Sc0.4Ti1.6(PO4)3,5.15E-04,,167.0,,10.1149/1.2086597
347,Li1.5Sc0.5Ti1.5(PO4)3,2.53E-04,,167.0,,10.1149/1.2086597
348,Li1.2In0.2Ti1.8(PO4)3,3.90E-04,,167.0,,10.1149/1.2086597
349,Li1.3In0.3Ti1.7(PO4)3,3.93E-04,,167.0,,10.1149/1.2086597
350,Li1.4In0.4Ti1.6(PO4)3,3.02E-04,,167.0,,10.1149/1.2086597
351,Li1.5In0.5Ti1.5(PO4)3,2.04E-04,,167.0,,10.1149/1.2086597
352,Li1.2La0.2Ti1.8(PO4)3,8.00E-05,,167.0,,10.1149/1.2086597
353,Li1.3La0.3Ti1.7(PO4)3,5.23E-04,,167.0,,10.1149/1.2086597
354,Li1.4La0.4Ti1.6(PO4)3,4.98E-04,,167.0,,10.1149/1.2086597
355,Li1.5La0.5Ti1.5(PO4)3,2.81E-04,,167.0,,10.1149/1.2086597
356,Li1.5Fe0.5Ti1.5(PO4)3,1.74E-04,,167.0,55751.0,10.1149/1.2086597
357,Li0.87Hf2.032P3O12,1.29E-05,0.33,167.0,83501.0,10.1149/1.2086597
358,Li1.2Al0.2Ti1.8(PO4)3,5.95E-04,,167.0,427621.0,10.1149/1.2086597
359,Li(Ti1.4Sn0.6)(PO4)3,2.28E-05,0.32,167.0,183672.0,10.1016/j.physb.2011.11.006
360,Li(Ti0.6Sn1.4)(PO4)3,9.42E-06,,167.0,183676.0,10.1016/j.physb.2011.11.006
361,Li(Ti0.4Sn1.6)(PO4)3,3.15E-06,,167.0,183677.0,10.1016/j.physb.2011.11.006
362,Li1.15Y0.15Zr1.85(PO4)3,1.40E-04,0.39,167.0,191891.0,10.1016/j.jpowsour.2013.03.175
363,LiZr2(PO4)3,1.00E-09,0.76,167.0,201935.0,
364,Li1.3(Al0.3Ti1.7)(PO4)3,8.02E-07,,167.0,253240.0,10.1016/j.physb.2016.08.020
365,Li1.3(Al0.23Ga0.07Ti1.7)(PO4)3,4.46E-06,,167.0,253241.0,
366,Li1.3(Al0.23Sc0.07Ti1.7)(PO4)3,1.94E-07,,167.0,253242.0,10.1016/j.physb.2016.08.020
367,Li1.3(Al0.23Y0.07Ti1.7)(PO4)3,3.84E-08,,167.0,253243.0,10.1016/j.physb.2016.08.020
368,Li1.3Al0.3Ti1.7(PO4)3,7.00E-04,,167.0,257190.0,
369,LiZr2(PO4)3,8.50E-05,,167.0,,10.1021/acs.chemmater.7b01463
370,Li1.025Y0.025Zr1.975(PO4)3,1.28E-04,,167.0,,10.1021/acs.chemmater.7b01463
371,Li1.05Y0.05Zr1.95(PO4)3,1.30E-04,,167.0,,10.1021/acs.chemmater.7b01463
372,Li1.1Y0.1Zr1.9(PO4)3,1.00E-04,,167.0,,10.1021/acs.chemmater.7b01463
373,Li1.1Al0.1Ge1.9(PO4)3,1.29E-05,,167.0,,10.1021/acs.chemmater.7b01463
374,Li1.2Al0.2Ge1.8(PO4)3,1.89E-05,0.46,167.0,,10.1021/acs.chemmater.7b01463
375,Li1.3Al0.3Ge1.7(PO4)3,1.91E-04,,167.0,,10.1021/acs.chemmater.7b01463
376,Li1.4Al0.4Ge1.6(PO4)3,3.17E-04,0.37,167.0,,10.1021/acs.chemmater.7b01463
377,Li1.5Al0.5Ge1.5(PO4)3,3.45E-04,,167.0,,10.1021/acs.chemmater.7b01463
378,Li1.6Al0.6Ge1.4(PO4)3,3.94E-04,0.37,167.0,,10.1021/acs.chemmater.7b01463
379,Li1.7Al0.7Ge1.3(PO4)3,2.75E-04,,167.0,,10.1021/acs.chemmater.7b01463
380,Li1.8Al0.8Ge1.2(PO4)3,1.23E-04,0.43,167.0,,10.1021/acs.chemmater.7b01463
381,LiGe2(PO4)3,3.12E-09,0.6,167.0,,10.1016/s0167-2738(97)00434-7
382,Li0.86Hf2.035(PO4)3,9.20E-08,0.48,167.0,,10.1021/cm970078n
383,Li1.7Al0.3Ti1.6(PO4)3,5.00E-05,,167.0,,
384,Li1.2In0.2Ti1.8(PO4)3,8.22E-05,0.32,167.0,,10.1021/cm030422i
385,Li1.3Al0.2Sc0.1Ti1.7(PO4)3,9.72E-04,0.25,167.0,,10.1016/j.ssi.2012.03.045
386,Li1.3Al0.15Sc0.15Ti1.7(PO4)3,1.24E-03,0.23,167.0,,10.1016/j.ssi.2012.03.045
387,Li1.3Al0.1Sc0.2Ti1.7(PO4)3,4.29E-04,0.26,167.0,,10.1016/j.ssi.2012.03.045
388,Li1.3Sc0.3Ti1.7(PO4)3,4.52E-04,0.25,167.0,,10.1016/j.ssi.2012.03.045
389,Li1.3Al0.3Ti1.7(PO4)3,1.13E-03,0.23,167.0,257190.0,10.1016/j.ssi.2012.03.045
390,LiTi(PO4)3,6.00E-05,0.33,167.0,,
391,Li1.05Al0.05Ti0.95(PO4)3,1.10E-03,0.31,167.0,,
392,Li1.1Al0.1Ti0.9(PO4)3,6.70E-04,0.32,167.0,,
393,Li1.2Al0.2Ti0.8(PO4)3,4.00E-03,0.31,167.0,,
394,Li1.3Al0.3Ti0.7(PO4)3,6.20E-03,0.3,167.0,,
395,Li1.4Al0.4Ti0.6(PO4)3,3.30E-03,0.29,167.0,,
396,Li1.05Cr0.05Ti0.95(PO4)3,1.80E-04,0.33,167.0,,
397,Li1.1Cr0.1Ti0.9(PO4)3,2.60E-04,0.32,167.0,,
398,Li1.2Cr0.2Ti0.8(PO4)3,4.30E-04,0.31,167.0,,
399,Li1.3Cr0.3Ti0.7(PO4)3,2.90E-04,0.32,167.0,,
400,Li1.05Fe0.05Ti0.95(PO4)3,1.30E-04,0.34,167.0,,
401,Li1.1Fe0.1Ti0.9(PO4)3,6.30E-04,0.34,167.0,,
402,Li1.2Fe0.2Ti0.8(PO4)3,1.40E-03,0.32,167.0,,
403,Li1.3Fe0.3Ti0.7(PO4)3,2.30E-03,0.31,167.0,,
404,Li1.5Fe0.5Ti0.5(PO4)3,2.70E-04,0.32,167.0,,
405,LiGe2(PO4)3,3.37E-07,0.38,167.0,,10.1002/chin.199246011
406,Li1.3Al0.3Ge1.7(PO4)3,1.42E-04,0.37,167.0,,10.1002/chin.199246011
407,Li1.7Al0.7Ge1.3(PO4)3,2.04E-04,,167.0,,
408,Li1.3Cr0.3Ge1.7(PO4)3,8.87E-05,0.39,167.0,,10.1002/chin.199246011
409,Li1.5Cr0.5Ge1.5(PO4)3,1.21E-04,0.37,167.0,,10.1002/chin.199246011
410,Li1.7Cr0.7Ge1.3(PO4)3,2.46E-05,,167.0,,10.1002/chin.199246011
411,Li1.3Ga0.3Ge1.7(PO4)3,4.47E-05,0.38,167.0,,10.1002/chin.199246011
412,Li1.5Ga0.5Ge1.5(PO4)3,2.01E-05,,167.0,,
413,Li1.3Fe0.3Ge1.7(PO4)3,2.99E-05,0.39,167.0,,10.1002/chin.199246011
414,Li1.5Fe0.5Ge1.5(PO4)3,2.56E-05,,167.0,,
415,Li1.3Sc0.3Ge1.7(PO4)3,5.59E-05,,167.0,,10.1002/chin.199246011
416,Li1.3In0.3Ge1.7(PO4)3,9.22E-06,,167.0,,10.1002/chin.199246011
417,Li1.5In0.5Ge1.5(PO4)3,5.81E-06,,167.0,,10.1002/chin.199246011
418,Li1.5Al0.5Ge1.5(PO4)3,2.86E-04,0.38,167.0,263764.0,10.1002/chin.199246011
419,LiIO3,1.90E-07,,173.0,35473.0,10.1016/s0038-1098(00)00247-7
420,Li9Mg3(PO4)4F3,<1E-10,0.835,173.0,426103.0,10.1039/c3ta15264b
421,Pb6.12Ca1.9Li1.96(PO4)6,<1E-10,1.05,176.0,59615.0,10.1006/jssc.2002.9596
422,LiNdSiO4,<1E-10,,176.0,,10.1016/0167-2738(95)00240-5
423,LiDySiO4,<1E-10,,176.0,,
424,Li2La8Si6O25,<1E-10,,176.0,,10.1016/0167-2738(95)00240-5
425,Li3La7Si6O24,<1E-10,,176.0,,10.1016/0167-2738(95)00240-5
426,Li0.284Sm4.512Si3O12.91,<1E-10,,176.0,83279.0,10.1016/0167-2738(95)00240-5
427,LiLa9Si6O26,<1E-10,,176.0,291218.0,10.1016/0167-2738(95)00240-5
428,LiEu9Si6O26,<1E-10,,176.0,291220.0,10.1016/0167-2738(95)00240-5
429,LiAlSiO4,2.00E-09,0.68,181.0,55665.0,10.1016/0375-9601(75)90788-4
430,Li3(NH2)2I,1.00E-05,0.58,186.0,167528.0,
431,Ba3LiTa5ZrSi4O26,<1E-10,0.79,189.0,239277.0,10.1016/j.ssi.2015.08.011
432,Li3N,1.20E-03,0.25,191.0,26540.0,10.1063/1.89283
433,Li3N,3.00E-04,0.26,191.0,156894.0,10.1016/0167-2738(83)90045-0
434,Fe2Na2K(Li3Si12O30),<1E-10,1.22,192.0,235750.0,10.1016/j.jssc.2018.05.008
435,Li3P,7.03E-04,0.18,194.0,642223.0,10.1016/0167-2738(89)90438-4
436,Li5.5K0.25La2.75Nb2O12,3.19E-03,0.49,199.0,,10.1016/j.jssc.2005.12.025
437,Li5.5La3Nb1.75In0.25O12,8.07E-03,0.49,199.0,,10.1016/j.jssc.2005.12.025
438,Li6BaLa2Nb2O12,6.00E-06,0.44,199.0,,
439,Li5La3Nb2O12,8.00E-06,0.43,199.0,54865.0,
440,(K0.1Li0.9)(SbO3),1.36E-08,,201.0,200984.0,10.1016/0167-2738(81)90178-8
441,Li8GeP4,1.80E-05,0.435,205.0,235184.0,10.1021/acs.chemmater.8b02759
442,Li8SiP4,4.50E-05,0.404,205.0,235186.0,10.1021/acs.chemmater.8b02759
443,Li3AlN2,5.00E-08,0.45,206.0,257464.0,10.1016/0167-2738(85)90106-7
444,Li2MgTi3O8,<1E-10,0.71,212.0,86165.0,10.1039/a800234g
445,Li2CoTi3O8,<1E-10,1.33,212.0,86166.0,10.1039/a800234g
446,Li2CoGe3O8,<1E-10,1.49,212.0,86167.0,10.1039/a800234g
447,Li2ZnGe3O8,<1E-10,2.14,212.0,86169.0,10.1039/a800234g
448,(Li0.61Mg0.39)(Li0.46Mg0.005Ti0.035)Ti1.5O4,6.56E-10,0.685,212.0,168144.0,10.1016/j.ssi.2010.06.003
449,(Li0.55Mg0.45)(Li0.445Mg0.055)Ti1.5O4,1.53E-11,0.786,212.0,168145.0,10.1016/j.ssi.2010.06.003
450,Li5NI2,4.00E-06,,216.0,16800.0,10.1016/0025-5408(81)90124-0
451,Li2VCl4,6.95E-06,,216.0,74959.0,10.1016/0167-2738(83)90223-0
452,Li6PS5Cl0.25Br0.75,1.86E-03,0.328,216.0,,10.1021/jacs.7b06327.s001
453,Li6PS5Cl,2.05E-03,0.452,216.0,259200.0,10.1021/jacs.7b06327.s001
454,Li6PS5Cl0.5Br0.5,3.33E-03,0.367,216.0,259201.0,
455,Li6PS5Br,1.15E-03,0.303,216.0,259202.0,10.1021/jacs.7b06327.s001
456,Li6PS5Br0.5I0.5,2.62E-05,0.312,216.0,259203.0,10.1021/jacs.7b06327.s001
457,Li6PS5I,1.30E-06,0.383,216.0,259204.0,10.1021/jacs.7b06327.s001
458,Li6PS5Cl0.75Br0.25,2.26E-03,0.408,216.0,259206.0,10.1021/jacs.7b06327.s001
459,Li6PS5Br0.75I0.25,1.12E-04,0.321,216.0,259209.0,10.1021/jacs.7b06327.s001
460,Li6PS5Br0.25I0.75,4.72E-06,0.351,216.0,259211.0,
461,Li6PS5Br,7.01E-04,0.194,216.0,234584.0,10.1039/c7ta08581h
462,Li6.025P0.975Si0.025S5Br,8.78E-04,0.196,216.0,234585.0,10.1039/c7ta08581h
463,Li6.05P0.95Si0.05S5Br,4.37E-04,0.173,216.0,234586.0,10.1039/c7ta08581h
464,Li6.075P0.925Si0.075S5Br,8.73E-04,0.178,216.0,234587.0,10.1039/c7ta08581h
465,Li6.1P0.95Si0.1S5Br,7.99E-04,0.22,216.0,234588.0,
466,Li6.125P0.875Si0.125S5Br,9.02E-04,0.189,216.0,234589.0,10.1039/c7ta08581h
467,Li6.175P0.825Si0.175S5Br,9.31E-04,0.142,216.0,234591.0,10.1039/c7ta08581h
468,Li6.2P0.8Si0.2S5Br,1.69E-03,0.25,216.0,234592.0,10.1039/c7ta08581h
469,Li6.225P0.775Si0.225S5Br,1.08E-03,0.248,216.0,234593.0,10.1039/c7ta08581h
470,Li6.25P0.75Si0.25S5Br,1.41E-03,0.223,216.0,234594.0,10.1039/c7ta08581h
471,Li6.3P0.7Si0.3S5Br,1.65E-03,0.236,216.0,234595.0,10.1039/c7ta08581h
472,Li6.35P0.65Si0.35S5Br,2.34E-03,0.142,216.0,234596.0,10.1039/c7ta08581h
473,Li6.5P0.5Si0.5S5Br,2.19E-03,0.27,216.0,234597.0,10.1039/c7ta08581h
474,Li7Ge3PS12,1.10E-04,0.259,216.0,258187.0,10.1016/j.jssc.2016.12.001
475,Li6B0.9PH3.6S4.9,1.80E-03,0.166,216.0,264526.0,10.1021/acsomega.8b00377
476,Li6PS5Cl,1.30E-03,0.33,216.0,,10.1016/j.ssi.2012.06.008
477,Li6PS5Br,2.77E-03,0.31,216.0,267193.0,10.1021/acs.inorgchem.8b02443
478,Li6P(S4.9Se0.1)Br,3.20E-03,0.33,216.0,267194.0,10.1021/acs.inorgchem.8b02443
479,Li6P(S4.8Se0.2)Br,3.92E-03,0.34,216.0,267195.0,
480,Li6P(S4.7Se0.3)Br,3.62E-03,0.33,216.0,267196.0,10.1021/acs.inorgchem.8b02443
481,Li6P(S4.6Se0.4)Br,3.64E-03,0.33,216.0,267197.0,10.1021/acs.inorgchem.8b02443
482,Li6P(S4.5Se0.5)Br,2.68E-03,0.34,216.0,267198.0,10.1021/acs.inorgchem.8b02443
483,Li6P(S4.4Se0.6)Br,2.78E-03,0.34,216.0,267199.0,10.1021/acs.inorgchem.8b02443
484,Li6P(S4.3Se0.7)Br,3.01E-03,0.35,216.0,267200.0,10.1021/acs.inorgchem.8b02443
485,Li6P(S4.2Se0.8)Br,3.48E-03,0.34,216.0,267201.0,10.1021/acs.inorgchem.8b02443
486,Li6P(S4.1Se0.9)Br,3.82E-03,0.34,216.0,267202.0,10.1021/acs.inorgchem.8b02443
487,Li6P(S4Se)Br,3.61E-03,0.34,216.0,267203.0,10.1021/acs.inorgchem.8b02443
488,Li6PO5Cl,5.54E-10,0.66,216.0,421479.0,10.1002/zaac.201000121
489,Li6PS5Br,3.20E-05,0.32,216.0,234598.0,10.1002/pssa.201001117
490,Li6PS5Cl,3.30E-05,0.38,216.0,259205.0,10.1002/pssa.201001117
491,Li6PS5I,2.20E-04,0.26,216.0,259212.0,10.1002/pssa.201001117
492,Li6PS5I,1.26E-06,0.38,216.0,,10.1021/jacs.8b10282.s001
493,Li6P0.92Ge0.08S5I,9.02E-06,0.39,216.0,,10.1021/jacs.8b10282.s001
494,Li6P0.85Ge0.15S5I,3.99E-05,0.36,216.0,,10.1021/jacs.8b10282.s001
495,Li6P0.75Ge0.25S5I,3.26E-05,0.36,216.0,,10.1021/jacs.8b10282.s001
496,Li6P0.74Ge0.26S5I,1.51E-04,0.3,216.0,,10.1021/jacs.8b10282.s001
497,Li6P0.64Ge0.36S5I,6.58E-04,0.24,216.0,,
498,Li6P0.53Ge0.47S5I,1.52E-03,0.24,216.0,,10.1021/jacs.8b10282.s001
499,Li6P0.48Ge0.52S5I,1.83E-03,0.23,216.0,,10.1021/jacs.8b10282.s001
500,Li6P0.31Ge0.69S5I,5.16E-03,0.24,216.0,,
501,Li6P0.21Ge0.79S5I,5.41E-03,0.25,216.0,,10.1021/jacs.8b10282.s001
502,Li6PS5Cl,1.31E-06,0.38,216.0,,10.1002/zaac.201100158
503,Li6PS5Br,2.41E-05,0.16,216.0,259208.0,
504,Li6PS5I,4.10E-07,0.32,216.0,418489.0,10.1002/zaac.201100158
505,Li6PS5I,9.24E-05,,216.0,,10.1021/acs.nanolett.0c01028.s001
506,Li6.1P0.9Sn0.1S5I,1.61E-04,,216.0,,10.1021/acs.nanolett.0c01028.s001
507,Li6.2P0.8Sn0.2S5I,2.32E-04,,216.0,,10.1021/acs.nanolett.0c01028.s001
508,Li6.25P0.75Sn0.25S5I,2.92E-04,,216.0,,10.1021/acs.nanolett.0c01028.s001
509,Li6.3P0.7Sn0.3S5I,3.06E-04,,216.0,,10.1021/acs.nanolett.0c01028.s001
510,Li6.5P0.5Sn0.5S5I,2.35E-04,,216.0,,10.1021/acs.nanolett.0c01028.s001
511,Li6.4P0.6Ge0.4S5I,2.51E-04,,216.0,,10.1021/acs.nanolett.0c01028.s001
512,Li6.45P0.55Ge0.45S5I,3.65E-04,,216.0,,10.1021/acs.nanolett.0c01028.s001
513,Li6.5P0.5Ge0.5S5I,5.42E-04,,216.0,,10.1021/acs.nanolett.0c01028.s001
514,Li6.55P0.45Ge0.55S5I,4.11E-04,,216.0,,10.1021/acs.nanolett.0c01028.s001
515,Li6.6P0.4Ge0.6S5I,2.74E-04,,216.0,,10.1021/acs.nanolett.0c01028.s001
516,Li6.8P0.2Ge0.8S5I,5.21E-05,,216.0,,10.1021/acs.nanolett.0c01028.s001
517,LiCe(BH4)3Cl,1.03E-04,,217.0,185218.0,10.1021/cm300792t
518,Li7PN4,1.60E-07,0.4,218.0,69017.0,10.1016/0167-2738(90)90432-q
519,β-Li8GeP4,8.60E-05,0.394,218.0,235185.0,10.1021/acs.chemmater.8b02759
520,Li4B7O12Cl,2.40E-05,,219.0,1125.0,10.1107/s0567740877009443
521,Fe0.16La2.95Li5.68Zr2O12,9.35E-04,0.29,220.0,431391.0,
522,Fe0.19La2.95Li5.57Zr2O12,1.38E-03,0.28,220.0,431392.0,10.1021/acs.chemmater.6b02516.s004
523,Li3ClO,2.50E-02,,221.0,,10.1039/c3ta15087a
524,Li2.99Ba0.005Cl0.5I0.5,2.50E-03,0.06,221.0,,10.1039/c3ta15087a
525,Li0.31La0.63((Ti0.9Co0.1)O3,2.60E-04,,221.0,151533.0,10.1016/j.mseb.2004.07.003
526,(La0.49Li0.461Sr0.049)(TiO3),7.09E-04,0.33,221.0,190825.0,10.1016/j.ceramint.2013.05.083
527,(La0.46Li0.429Sr0.111)(TiO3),1.97E-04,0.33,221.0,190826.0,10.1016/j.ceramint.2013.05.083
528,(La0.402Li0.368Sr0.230)(TiO3),2.87E-05,0.36,221.0,190827.0,10.1016/j.ceramint.2013.05.083
529,Li2(OH)0.9F0.1Cl,3.86E-05,0.52,221.0,,
530,Li2(OH)Br,1.20E-06,0.75,221.0,200874.0,10.1002/ange.201604554
531,Li9NS3,8.30E-07,0.52,221.0,240749.0,10.1039/c5ta05432j
532,(La0.55Li0.45)(Ti0.9Al0.1)O3,1.51E-03,,221.0,254045.0,10.1016/j.jallcom.2017.05.278
533,(La0.6Li0.4)(Ti0.8Al0.2)O3,5.68E-04,,221.0,254046.0,
534,(La0.65Li0.35)(Ti0.7Al0.3)O3,1.61E-04,,221.0,254047.0,10.1016/j.jallcom.2017.05.278
535,(La0.7Li0.3)(Ti0.6Al0.4)O3,1.04E-07,,221.0,254048.0,10.1016/j.jallcom.2017.05.278
536,(Li0.16Sr0.69)(Ga0.25Ta0.75)O3,3.69E-06,0.359,221.0,291520.0,10.1016/j.jssc.2015.01.007
537,Li0.375Sr0.4375Zr0.25Ta0.75O3,2.00E-04,0.26,221.0,,
538,Li0.25Sr0.625Ta0.5Zr0.5O3,3.34E-07,0.42,221.0,,10.1016/j.ssi.2004.01.008
539,Li0.375Sr0.4375Hf0.25Ta0.75O3,3.80E-04,0.36,221.0,,10.1021/acsami.6b03070.s001
540,Li0.375Sr0.4375Zr0.25Nb0.75O3,2.00E-05,0.26,221.0,,10.1016/j.jpowsour.2015.12.065
541,Li0.25Sr0.625Zr0.5Nb0.5O3,2.75E-07,0.36,221.0,,10.1016/j.jpowsour.2015.12.065
542,Li2.99Ba0.005ClO,2.50E-02,0.13,221.0,,10.1039/c3ta15087a
543,Li2.99Ba0.005Cl0.5I0.5O,3.37E-03,,221.0,,10.1039/c3ta15087a
544,Sm0.5Li0.42TiO2.96,3.93E-10,0.58,221.0,,10.1016/s0022-3697(96)00226-0
545,La0.52Li0.35TiO2.96,9.11E-04,0.32,221.0,,10.1016/s0022-3697(96)00226-0
546,La0.61Li0.15TiO3,2.06E-04,,221.0,,10.1016/0167-2738(96)00100-2
547,La0.58Li0.24TiO3,7.22E-04,,221.0,,10.1016/0167-2738(96)00100-2
548,La0.55Li0.33TiO3,1.58E-03,,221.0,,10.1016/0167-2738(96)00100-2
549,La0.54Li0.36TiO3,9.79E-03,,221.0,,10.1016/0167-2738(96)00100-2
550,La0.52Li0.42TiO3,7.21E-04,,221.0,,10.1016/0167-2738(96)00100-2
551,La0.6Sr0.06Li0.06TiO3,1.13E-05,0.37,221.0,,10.1021/cm020609u
552,La0.56Sr0.1Li0.1TiO3,1.37E-05,0.37,221.0,,10.1021/cm020609u
553,La0.51Sr0.15Li0.15TiO3,5.30E-05,0.38,221.0,,10.1021/cm020609u
554,La0.41Sr0.25Li0.25TiO3,7.64E-05,0.35,221.0,,10.1021/cm020609u
555,La0.385Sr0.275Li0.275TiO3,6.04E-05,0.37,221.0,,10.1021/cm020609u
556,La0.36Sr0.3Li0.3TiO3,1.92E-05,0.35,221.0,,10.1021/cm020609u
557,La0.61Li0.18TiO3,2.09E-04,,221.0,,
558,La0.58Li0.27TiO3,8.32E-04,,221.0,,10.1016/s0167-2738(98)00070-8
559,La0.56Li0.33TiO3,1.30E-03,,221.0,,10.1016/s0167-2738(98)00070-8
560,La0.55Li0.36TiO3,1.54E-03,0.33,221.0,,10.1016/s0167-2738(98)00070-8
561,La0.54Li0.39TiO3,1.25E-03,,221.0,,10.1016/s0167-2738(98)00070-8
562,La0.52Li0.45TiO3,7.85E-04,,221.0,,10.1016/s0167-2738(98)00070-8
563,Lao.51Li0.34TiO2.94,7.00E-05,0.36,221.0,,
564,Li3OBr,1.10E-06,0.74,221.0,67265.0,10.1021/ja305709z; 10.1016/j.ssi.2015.11.027
565,Li7.2N1.6Cl2.4,8.40E-07,0.49,225.0,49646.0,10.1016/0025-5408(79)90191-0
566,Li6NI3,3.70E-06,,225.0,83380.0,10.1016/0025-5408(81)90124-0
567,Li0.19La0.67(Ti0.9Co0.1)O3,1.08E-04,,225.0,151535.0,10.1016/j.mseb.2004.07.003
568,Li6NBr3,1.00E-08,0.69,225.0,84091.0,10.1016/j.jallcom.2015.01.082
569,LiI,1.00E-07,,225.0,414244.0,
570,Li(Li0.34Ti1.66)O4,6.03E-08,0.506,227.0,168137.0,
571,(Li0.916Mg0.084)(Li0.352Mg0.016Ti1.634)O4,1.73E-08,0.564,227.0,168139.0,10.1016/j.ssi.2010.06.003
572,(Li0.826Mg0.174)(Li0.374Mg0.026Ti1.60)O4,4.24E-09,0.615,227.0,168141.0,10.1016/j.ssi.2010.06.003
573,(Li0.74Mg0.26)(Li0.40Mg0.04Ti1.56)O4,1.51E-09,0.639,227.0,168142.0,10.1016/j.ssi.2010.06.003
574,Li2MnCl4,4.79E-06,,227.0,69678.0,10.1016/0167-2738(83)90223-0
575,Li2MgCl4,6.24E-07,,227.0,74957.0,
576,Li1.9Mn0.9Ga0.1Cl4,2.37E-07,,227.0,50305.0,10.1016/s0167-2738(96)00592-9
577,Li1.65Mn0.65In0.35Cl4,9.90E-08,,227.0,50306.0,10.1016/s0167-2738(96)00592-9
578,LiCdCl4,5.80E-07,0.44,227.0,74958.0,10.1016/0025-5408(81)90142-2
579,LiSrNb2O6F,<1E-10,0.604,227.0,236009.0,10.2497/jjspm.25.e1
580,LiSrTa2O6F,<1E-10,0.604,227.0,236010.0,10.2497/jjspm.25.e1
581,LiSr0.9Nb2O6F0.8,<1E-10,0.709,227.0,236011.0,10.2497/jjspm.25.e1
582,LiSr0.9Ta2O6F0.8,<1E-10,0.76,227.0,236012.0,10.2497/jjspm.25.e1
583,Li1.1SrNb1.9Zr0.1O6F,<1E-10,0.622,227.0,236013.0,10.2497/jjspm.25.e1
584,Li1.1SrTa1.9Zr0.1O6F,<1E-10,0.693,227.0,236014.0,10.2497/jjspm.25.e1
585,Li6SrLa2Nb2O12,4.20E-06,0.5,230.0,157628.0,10.1111/j.1551-2916.2005.00060.x
586,Li6CaLa2Nb2O12,1.60E-06,0.55,230.0,161386.0,10.1111/j.1551-2916.2005.00060.x
587,Li5.25Ba0.25La2.75Ta2O12,6.03E-06,0.479,230.0,,10.1007/s11581-007-0097-8
588,Li5.5Ba0.5La2.5Ta2O12,1.35E-05,0.455,230.0,,
589,Li6.25Ba1.25La1.75Ta2O12,5.05E-05,0.395,230.0,,
590,Li6.5Ba1.5La1.5Ta2O12,3.20E-05,0.402,230.0,,10.1007/s11581-007-0097-8
591,Li6.75Ba1.75La1.25Ta2O12,1.25E-05,0.418,230.0,,
592,Li7Ba2LaTa2O12,3.00E-06,0.442,230.0,,
593,Li5La3Ta2O12,4.33E-06,0.5,230.0,154400.0,10.1007/s11581-007-0097-8
594,Li6BaLa2Ta2O12,3.02E-05,0.419,230.0,237201.0,10.1007/s11581-007-0097-8
595,Li7La3Zr1.89Al0.15O12,3.40E-04,0.334,230.0,,10.1016/j.jpowsour.2013.03.049
596,Li7.06La3Y0.06Zr1.94O12,9.56E-04,0.26,230.0,,10.1016/j.elecom.2011.08.014
597,Li6.25La3Zr2Ga0.25O12,3.50E-04,,230.0,,
598,Li7La3Zr2O12,1.20E-04,,230.0,,10.1039/c2jm31413d; 10.1039/c2jm31413d
599,Li6.8La3Zr1.8Ta0.2O12,2.80E-04,,230.0,,10.1039/c2jm31413d; 10.1039/c2jm31413d
600,Li6.6La3Zr1.6Ta0.4O12,7.30E-04,,230.0,,10.1039/c2jm31413d; 10.1039/c2jm31413d
601,Li6.5La3Zr1.5Ta0.5O12,9.20E-04,,230.0,,10.1039/c2jm31413d; 10.1039/c2jm31413d
602,Li6.4La3Zr1.4Ta0.6O12,1.00E-03,0.35,230.0,,
603,Li6.2La3Zr1.2Ta0.8O12,3.20E-04,,230.0,,10.1039/c2jm31413d; 10.1039/c2jm31413d
604,Li6La3ZrTaO12,1.60E-04,,230.0,,10.1039/c2jm31413d; 10.1039/c2jm31413d
605,Li7La3Zr2O12,1.20E-04,,230.0,,10.1039/c2jm31413d; 10.1039/c2jm31413d
606,Li6.8La3Zr1.8Ta0.2O12,2.80E-04,,230.0,,10.1039/c2jm31413d; 10.1039/c2jm31413d
607,Li6.6La3Zr1.6Ta0.4O12,7.30E-04,,230.0,,10.1039/c2jm31413d; 10.1039/c2jm31413d
608,Li6.5La3Zr1.5Ta0.5O12,9.20E-04,,230.0,,10.1039/c2jm31413d; 10.1039/c2jm31413d
609,Li6.4La3Zr1.4Ta0.6O12,1.00E-03,0.35,230.0,,
610,Li6.2La3Zr1.2Ta0.8O12,3.20E-04,,230.0,,10.1039/c2jm31413d; 10.1039/c2jm31413d
611,Li6La3ZrTaO12,1.60E-04,,230.0,,10.1039/c2jm31413d; 10.1039/c2jm31413d
612,Li6.8La3Zr1.8Ta0.2O12,7.80E-04,,230.0,,10.1149/2.024205esl
613,Li6.75La3Zr1.75Ta0.25O12,8.80E-04,,230.0,,10.1149/2.024205esl
614,Li6.65La3Zr1.65Ta0.35O12,7.70E-04,,230.0,,10.1149/2.024205esl
615,Li6.6La3Zr1.6Ta0.4O12,7.20E-04,,230.0,,10.1149/2.024205esl
616,Li6.55La3Zr1.55Ta0.45O12,6.90E-04,,230.0,,10.1149/2.024205esl
617,Li6La3ZrTaO12,4.40E-04,,230.0,,10.1149/2.024205esl
618,Li5La3Ta2O12,1.60E-04,,230.0,,10.1149/2.024205esl
619,Li6.7La3Zr1.7Ta0.3O12,9.60E-04,0.37,230.0,,10.1149/2.024205esl
620,Li6.5La3Zr1.5Ta0.5O12,6.70E-04,,230.0,183686.0,10.1149/2.024205esl
621,Li6.05Ga0.25La3Zr2O11.8F0.2,1.28E-03,0.28,230.0,,10.1021/acsami.8b17656
622,Li5.72Al0.26La3Zr1.5W0.25O12,4.90E-04,0.35,230.0,,10.1021/acs.chemmater.5b02429
623,Li6.8La3Zr1.9Mo0.1O12,8.00E-05,0.46,230.0,,10.1021/acs.inorgchem.5b01895
624,Li6.6La3Zr1.8Mo0.2O12,3.11E-04,0.48,230.0,,10.1021/acs.inorgchem.5b01895
625,Li6.4La3Zr1.7Mo0.3O12,3.69E-04,0.49,230.0,,10.1021/acs.inorgchem.5b01895
626,Li6.2La3Zr1.6Mo0.4O12,3.40E-04,0.48,230.0,,10.1021/acs.inorgchem.5b01895
627,Li6.5La3Zr1.75Mo0.25O12,3.33E-04,0.39,230.0,239128.0,10.1021/acs.inorgchem.5b01895
628,Li6.75La3Zr1.875Te0.125O12,3.30E-04,0.41,230.0,,10.1016/j.jpowsour.2013.03.166
629,Li6.5La3Zr1.75Te0.25O12,1.02E-03,0.38,230.0,,10.1016/j.jpowsour.2013.03.166
630,Li6.375La3Zr1.375Nb0.625O12,1.37E-03,0.25,230.0,,10.1039/c8ta02276c
631,Li5La3Ta2O12,1.20E-06,0.56,230.0,154400.0,10.1111/j.1151-2916.2003.tb03318.x
632,Li5La3Nb2O12,1.00E-05,0.43,230.0,171171.0,
633,Li5La3Bi2O12,4.00E-05,0.47,230.0,158372.0,10.1016/j.mseb.2007.07.009
634,Li6La2SrBi2O12,5.20E-05,0.43,230.0,158373.0,10.1016/j.mseb.2007.07.009
635,Li5Nd3Sb2O12,1.30E-07,0.67,230.0,159426.0,
636,Li4Nd3TeSbO12,1.96E-06,0.64,230.0,159732.0,10.1021/cm703677q
637,Li5La3Sb2O12,8.20E-06,0.51,230.0,161342.0,
638,Li6SrLa2Sb2O12,6.60E-06,0.54,230.0,161343.0,10.1016/j.materresbull.2007.10.035
639,Li6(La2Ca)(NbO6)2,1.33E-06,,230.0,161386.0,10.1016/j.ssi.2008.01.047
640,Li6(La2Sr)(NbO6)2,3.69E-06,,230.0,161387.0,10.1016/j.ssi.2008.01.047
641,Li6CaLa2Ta2O12,2.20E-06,0.5,230.0,163860.0,10.1016/j.ssi.2008.10.022; 10.1021/am4060194
642,Li6BaLa2Ta2O12,1.30E-05,0.44,230.0,163861.0,10.1016/j.ssi.2008.10.022
643,Li6.15La3Zr1.75Ta0.25Ga0.2O12,4.10E-04,0.27,230.0,,10.1016/j.jpowsour.2012.01.131
644,Li6.15La3Zr1.75Ta0.25Al0.2O12,3.70E-04,0.3,230.0,,10.1016/j.jpowsour.2012.01.131
645,Li6.75La3Zr1.75Ta0.25O12,8.70E-04,0.22,230.0,183873.0,10.1016/j.jpowsour.2012.01.131
646,Li6.16Al0.28La3Zr2O12,6.10E-04,0.34,230.0,185539.0,
647,Li7La3Zr2O12,1.97E-06,0.49,230.0,,10.1039/c1cp22108f
648,Li7La3Zr2O12-0.5wt% Al,1.58E-04,,230.0,,10.1039/c1cp22108f
649,Li7La3Zr2O12-0.9wt% Al,3.20E-04,0.34,230.0,,
650,Li6.06Al0.2La3Zr2O12,4.00E-04,0.34,230.0,185539.0,
651,Li6BaLa2Ta2O12,2.45E-05,0.4,230.0,185602.0,10.1016/j.materresbull.2012.04.032
652,Nd3Zr2Al0.5Li5.5O12,3.90E-05,0.56,230.0,189530.0,10.1039/c3ta13252h
653,(Li6.26Al0.24)La3Zr2O12,3.10E-04,0.33,230.0,195182.0,
654,Li6La3Nb1.5Y0.5O12,1.88E-04,,230.0,237141.0,
655,Li5.2La3Nb1.9Y0.1O12,6.39E-05,,230.0,237143.0,10.1021/jp304737x
656,Li5.4La3Nb1.8Y0.2O12,6.74E-05,,230.0,237144.0,10.1021/jp304737x
657,Li5.5La3Nb1.75Y0.25O12,9.18E-05,,230.0,237145.0,10.1021/jp304737x
658,Li6.5La3Nb1.25Y0.75O12,3.43E-04,,230.0,237146.0,10.1021/jp304737x
659,Li6Ba0.5Sr0.5La2Ta2O12,7.10E-06,0.45,230.0,237199.0,10.1021/am4060194
660,Li6SrLa2Ta2O12,5.40E-06,0.45,230.0,237200.0,10.1021/am4060194
661,Li6BaLa2Ta2O12,1.50E-05,0.47,230.0,237201.0,10.1021/am4060194
662,Li6CaLa2Ta2O12,2.20E-06,0.47,230.0,237202.0,10.1016/j.ssi.2008.10.022; 10.1021/am4060194
663,Li6BaLa2Ta2O12,4.00E-05,0.4,230.0,,
664,Li6SrLa2Ta2O12,7.00E-06,0.5,230.0,,
665,Li6SrLa2Ta2O12,7.00E-06,0.5,230.0,237200.0,
666,Li6BaLa2Ta2O12,4.00E-05,0.4,230.0,237201.0,
667,Li5.74La3Zr1.5Ta0.5O12,9.03E-04,0.435,230.0,239663.0,10.1002/aenm.201570062
668,La3Li5.08Ta1.51Zr0.39O12,1.03E-04,0.536,230.0,239664.0,10.1002/aenm.201570062
669,Li51.2Al1.6La24Zr16O96,2.54E-04,0.36,230.0,241475.0,10.1038/srep18053
670,Li49.6Al1.6La24Zr14.4Ta1.6O96,6.14E-04,0.29,230.0,241476.0,10.1038/srep18053
671,Li6.5La3Hf1.5Ta0.5O12,4.00E-04,0.4,230.0,258921.0,10.2109/jcersj2.16273
672,Li6.5La3Sn1.5Ta0.5O12,1.90E-04,0.45,230.0,258922.0,10.2109/jcersj2.16273
673,Li5La3Ta2O12,1.59E-05,,230.0,259164.0,10.1021/acs.inorgchem.7b00816
674,Li5.3La3Ta1.85Sm0.15O12,7.11E-06,,230.0,259165.0,10.1021/acs.inorgchem.7b00816
675,Li5.5La3Ta1.75Sm0.25O12,5.17E-06,,230.0,259166.0,10.1021/acs.inorgchem.7b00816
676,Li5.70La3Ta1.65Sm0.35O12,2.15E-05,,230.0,259167.0,10.1021/acs.inorgchem.7b00816
677,Li5.90La3Ta1.55Sm0.45O12,1.18E-05,,230.0,259168.0,
678,Li6.10La3Ta1.45Sm0.55O12,1.40E-05,,230.0,259169.0,
679,Li7La3Zr2O12,5.69E-04,0.36,230.0,422259.0,10.1016/j.ssi.2010.12.010
680,Li5La3Nb2O12,4.99E-06,,230.0,,
681,Li5La3Nb1.95Y0.05O12,1.32E-05,,230.0,,10.1016/j.jpowsour.2011.05.031
682,Li5La3Nb1.9Y0.1O12,1.43E-05,,230.0,,
683,Li5La3Nb1.85Y0.15O12,5.85E-06,,230.0,,10.1016/j.jpowsour.2011.05.031
684,Li5La3Nb1.8Y0.2O12,9.05E-06,,230.0,,10.1016/j.jpowsour.2011.05.031
685,Li5La3Nb1.75Y0.25O12,9.42E-06,,230.0,,10.1016/j.jpowsour.2011.05.031
686,Li6.24La3Zr2Al0.24O11.98,4.00E-04,0.26,230.0,,10.1016/j.ssi.2011.10.022
687,Li7La3Zr2O12-0.3Ga,3.80E-05,0.37,230.0,,10.1016/j.jpowsour.2012.09.111
688,Li7La3Zr2O12-0.4Ga,4.40E-05,0.36,230.0,,10.1016/j.jpowsour.2012.09.111
689,Li7La3Zr2O12-0.5Ga,8.90E-05,0.36,230.0,,10.1016/j.jpowsour.2012.09.111
690,Li7La3Zr2O12-Ga,5.40E-04,0.32,230.0,,10.1016/j.jpowsour.2012.09.111
691,La3Zr2Ga0.5Li5.5O12,1.00E-04,,230.0,,
692,Li6.8La3Zr1.8Sb0.2O12,5.90E-05,0.39,230.0,,
693,Li6.6La3Zr1.6Sb0.4O12,7.70E-04,0.34,230.0,,10.1039/c3cp50991e
694,Li6.4La3Zr1.4Sb0.6O12,6.60E-04,0.36,230.0,,10.1039/c3cp50991e; 10.1039/c3cp50991e
695,Li6.2La3Zr1.2Sb0.8O12,4.50E-04,0.37,230.0,,10.1039/c3cp50991e; 10.1039/c3cp50991e
696,Li6La3ZrSbO12,2.60E-04,0.38,230.0,,10.1039/c3cp50991e; 10.1039/c3cp50991e
697,Li6.5La3Zr1.75Te0.25O12-0.07Al,4.00E-04,0.33,230.0,,
698,Li6.65La2.75Ba0.25Zr1.4Ta0.5Nb0.1O12,5.27E-04,0.26,230.0,,10.1021/acs.inorgchem.5b00184
699,Li6.4La3Zr1.4Ta0.6O12,7.24E-04,0.24,230.0,,10.1021/acs.inorgchem.5b00184
700,Li6.4La3Zr1.4Ta0.5Nb0.1O12,4.44E-04,0.27,230.0,,10.1021/acs.inorgchem.5b00184
701,Li6.4La3Zr1.4Ta0.4Nb0.2O12,4.55E-04,0.28,230.0,,10.1021/acs.inorgchem.5b00184
702,Li6.4La3Zr1.4Ta0.3Nb0.3O12,6.06E-04,0.26,230.0,,10.1021/acs.inorgchem.5b00184
703,Li7La3Zr2O12,1.74E-04,0.26,230.0,,
704,Li3Nd3Te2O12,<1E-10,1.22,230.0,,10.1021/cm060992t
705,Li7.131La3Zr2O12Al0.244,7.73E-05,,230.0,,
706,Li6.949La3Zr2O12Al0.262,2.25E-04,,230.0,,10.1016/j.ssi.2014.07.004
707,Li6.835La3Zr2O12Al0.231,2.20E-04,,230.0,,
708,Li6.660La3Zr2O12Al0.258,1.51E-04,,230.0,,10.1016/j.ssi.2014.07.004
709,Li6.75La3Zr1.75Ta0.25O12,4.10E-04,0.42,230.0,,10.1016/j.ssi.2013.09.008
710,Li6.5La3Zr1.5Ta0.5O12,6.10E-04,0.4,230.0,,10.1016/j.ssi.2013.09.008
711,Li6La3ZrTaO12,2.10E-04,0.42,230.0,,10.1016/j.ssi.2013.09.008
712,Li3Gd3Te2O12,<1E-10,,230.0,,10.1016/j.jssc.2010.12.021
713,Li3Tb3Te2O12,<1E-10,,230.0,,10.1016/j.jssc.2010.12.021
714,Li3Er3Te2O12,<1E-10,,230.0,,10.1016/j.jssc.2010.12.021
715,Li3Lu3Te2O12,<1E10,,230.0,,10.1016/j.jssc.2010.12.021
716,Li2S*P2S5,3.20E-03,,,,10.1002/adma.200401286; 10.1016/j.ssi.2006.04.017; 10.1149/1.2056487
717,0.7Li2S-0.3P2S5,5.40E-05,,,,10.1002/adma.200401286
718,Li3.8Ge0.8P0.2S4,1.75E-06,0.466,,,10.1149/1.1379028
719,Li3.6Ge0.6P0.4S4,1.74E-04,0.339,,,10.1149/1.1379028
720,Li3.4Ge0.4P0.6S4,6.53E-04,0.275,,,10.1149/1.1379028
721,Li3.35Ge0.35P0.65S4,1.53E-03,0.229,,,
722,Li3.3Ge0.3P0.7S4,1.76E-03,0.221,,,10.1149/1.1379028
723,Li3.2Ge0.2P0.8S4,5.57E-04,0.275,,,10.1149/1.1379028
724,Li2.9Ca0.05InBr6,2.16E-04,,,,10.1016/s0167-2738(00)00491-4
725,Li2.86Ca0.07InBr6,4.04E-04,,,,10.1016/s0167-2738(00)00491-4
726,Li2.8Ca0.1InBr6,3.00E-04,,,,10.1016/s0167-2738(00)00491-4
727,Li2.7Ca0.15InBr6,6.97E-05,,,,10.1016/s0167-2738(00)00491-4
728,Li3.9Zn0.05GeS4,2.72E-07,0.517,,,10.1016/s0167-2738(00)00277-0
729,Li3.8Zn0.1GeS4,9.95E-08,0.545,,,10.1016/s0167-2738(00)00277-0
730,Li3.6Zn0.2GeS4,5.90E-08,0.539,,,10.1016/s0167-2738(00)00277-0
731,Li2GeS3,9.70E-09,,,,
732,Li2ZnGeS4,1.40E-09,,,,10.1016/s0167-2738(00)00277-0
733,Li9.6P3S12,1.20E-03,0.259,,,10.1038/nenergy.2016.30
734,Li1.3Al0.3Ge1.7(PO4)3,8.24E-05,0.386,,,10.1021/acsami.8b00842
735,Li1.6Al0.6Ge1.4(PO4)3,2.84E-04,0.43,,,10.1021/acsami.8b00842
736,LiTi2(PO4)3-0.2Li2O,2.40E-04,,,,10.1149/1.2086597
737,LiTi2(PO4)3-0.3Li2O,1.50E-03,,,,10.1149/1.2086597
738,LiTi2(PO4)3-0.4Li2O,1.30E-04,,,,
739,Li1.3Al0.3Ti1.7(PO4)3-0.3Li2O,3.50E-04,,,,10.1149/1.2086597
740,LiTi2(PO4)3-0.1Li4P2O7,1.60E-04,,,,10.1149/1.2086597
741,Li1.4Al0.4Ti1.6 (PO4)3,3.38E-03,0.3,,,10.1016/j.jeurceramsoc.2014.11.023
742,Li1.2Ge0.2Ti1.8(PO4)3,7.94E-05,0.27,,,10.1016/j.jeurceramsoc.2014.11.023
743,Li1.5Ge0.5Ti1.5(PO4)3,1.90E-04,0.33,,,10.1016/j.jeurceramsoc.2014.11.023
744,Li1.2Al0.2Ti1.8(PO4)3,3.38E-03,0.28,,427619.0,10.1016/j.jeurceramsoc.2014.11.023
745,Li3ClO,8.50E-04,0.26,,,
746,Li3Cl0.5Br0.5O,1.94E-03,0.18,,,10.1021/ja305709z
747,Li3OCl,1.47E-04,0.26,,,
748,Li3OCl0.5Br0.5,9.49E-04,0.18,,,10.1021/ja305709z
749,Li6.6La2.6Ce0.4Zr2O12,1.44E-05,0.48,,,10.21236/ada609099
750,Li1.4Al0.4Ti1.6(PO4)3,1.10E-03,,,,10.1016/j.materresbull.2007.08.007
751,80Li2S * 20P2S5,7.20E-04,,,,10.1016/s1388-2481(02)00555-6; 10.1016/s1388-2481(02)00555-6
752,0.8Li2S-0.2P2S5,7.20E-04,,,,10.1016/s1388-2481(02)00555-6; 10.1016/s1388-2481(02)00555-6
753,0.75Li2S-0.25P2S5,2.80E-04,,,,10.1016/s1388-2481(02)00555-6
754,Li2S*P2S5*P2S3,5.40E-03,,,,10.1016/j.ssi.2010.06.018
755,Li2S*P2S5*Li3N,1.40E-03,,,,10.1016/j.ssi.2017.03.010
756,Li5La3Nb1.9Y0.1O12,1.44E-05,0.55,,,10.1016/j.jpowsour.2011.05.031
757,Li7La3Zr2O12,2.35E-04,0.339,,,10.1016/j.jpowsour.2010.11.089
758,Li6.88La3Zr1.88Nb0.12O12,5.99E-04,0.319,,,10.1016/j.jpowsour.2010.11.089
759,Li6.75La3Zr1.75Nb0.25O12,7.71E-04,0.3,,,10.1016/j.jpowsour.2010.11.089
760,Li6.62La3Zr1.62Nb0.38O12,4.41E-04,0.31,,,10.1016/j.jpowsour.2010.11.089
761,Li6.5La3Zr1.5Nb0.5O12,2.98E-04,0.319,,,10.1016/j.jpowsour.2010.11.089
762,Li6La3ZrNbO12,1.50E-04,0.42,,,10.1016/j.jpowsour.2010.11.089
763,Li5La3Nb2O12,3.00E-05,0.44,,,
764,Li7La3Hf2O12,2.40E-04,0.29,,,10.1007/s11581-010-0486-2
765,Li7GePS8,7.00E-03,0.22,,,
766,Li10(Ge0.95Si0.05)P2S12,8.63E-03,0.251,,,10.1016/j.jpowsour.2014.07.159
767,Li10(Ge0.9Si0.1)P2S12,8.07E-03,0.26,,,10.1016/j.jpowsour.2014.07.159
768,Li10(Ge0.8Si0.2)P2S12,7.28E-03,0.261,,,10.1016/j.jpowsour.2014.07.159
769,Li10(Ge0.7Si0.3)P2S12,5.82E-03,0.265,,,
770,Li10(Ge0.6Si0.4)P2S12,5.24E-03,0.28,,,10.1016/j.jpowsour.2014.07.159
771,Li10(Ge0.5Si0.5)P2S12,4.20E-03,0.284,,,10.1016/j.jpowsour.2014.07.159
772,Li10(Ge0.2Si0.8)P2S12,4.81E-03,0.269,,,10.1016/j.jpowsour.2014.07.159
773,Li10(Ge0.95Sn0.05)P2S12,7.80E-03,0.254,,,10.1016/j.jpowsour.2014.07.159
774,Li10(Ge0.9Sn0.1)P2S12,7.53E-03,0.256,,,
775,Li10(Ge0.8Sn0.2)P2S12,7.06E-03,0.252,,,10.1016/j.jpowsour.2014.07.159
776,Li10(Ge0.7Sn0.3)P2S12,6.49E-03,0.254,,,10.1016/j.jpowsour.2014.07.159
777,Li10(Ge0.5Sn0.5)P2S12,6.17E-03,0.249,,,
778,Li10(Ge0.4Sn0.6)P2S12,5.76E-03,0.265,,,10.1016/j.jpowsour.2014.07.159
779,Li10(Ge0.3Sn0.7)P2S12,5.56E-03,0.261,,,
780,Li10(Ge0.2Sn0.8)P2S12,4.77E-03,0.269,,,10.1016/j.jpowsour.2014.07.159
781,0.5(Li2O) * 0.5(P2O5),1.10E-09,0.71,,,10.1016/0167-2738(85)90064-5; 10.1016/0167-2738(85)90064-5
782,0.58(Li2O) * 0.5(P2O5),2.00E-08,0.6,,,10.1016/0167-2738(85)90064-5
783,0.6(Li2O) * 0.5(P2O5),3.00E-08,0.61,,,10.1016/0167-2738(85)90064-5
784,0.63(Li2O) * 0.5(P2O5),1.30E-07,0.56,,,10.1016/0167-2738(85)90064-5; 10.1016/0167-2738(85)90064-5
785,0.66(Li2O) * 0.5(P2O5),2.30E-07,0.55,,,10.1016/0167-2738(85)90064-5; 10.1016/0167-2738(85)90064-5
786,0.7(Li2O) * 0.5(P2O5),3.00E-07,0.57,,,
787,0.2(Li2S) 0.8(GeS2),1.10E-07,0.52,,,10.1016/0167-2738(85)90064-5
788,0.3(Li2S) 0.7(GeS2),9.30E-07,0.48,,,10.1016/0167-2738(85)90064-5; 10.1016/0167-2738(85)90064-5
789,0.4(Li2S) 0.6(GeS2),2.90E-06,0.42,,,
790,0.5(Li2S) 0.5(GeS2),3.30E-05,0.35,,,10.1016/0167-2738(85)90064-5; 10.1016/0167-2738(85)90064-5
791,0.6(Li2S) 0.4(GeS2),9.20E-05,0.32,,,10.1016/0167-2738(85)90064-5
792,0.63(Li2S) 0.37(GeS2),1.50E-04,0.34,,,10.1016/0167-2738(85)90064-5; 10.1016/0167-2738(85)90064-5
793,0.66(Li2S) 0.34(GeS2),1.00E-04,0.37,,,10.1016/0167-2738(85)90064-5; 10.1016/0167-2738(85)90064-5
794,0.7(Li2S) 0.3(GeS2),1.20E-04,0.34,,,10.1016/0167-2738(85)90064-5
795,Li2O-P2O5,1.10E-09,0.71,,,10.1016/0167-2738(85)90064-5; 10.1016/0167-2738(85)90064-5
796,0.58Li2O-0.42P2O5,2.00E-08,0.6,,,10.1016/0167-2738(85)90064-5
797,0.6Li2O-0.4P2O5,3.00E-08,0.61,,,10.1016/0167-2738(85)90064-5
798,0.63Li2O-0.37P2O5,1.30E-07,0.56,,,10.1016/0167-2738(85)90064-5; 10.1016/0167-2738(85)90064-5
799,0.66Li2O-0.34P2O5,2.30E-07,0.55,,,10.1016/0167-2738(85)90064-5; 10.1016/0167-2738(85)90064-5
800,0.7Li2O-0.3P2O5,3.00E-07,0.57,,,
801,0.2Li2S-0.8GeS2,1.10E-07,0.52,,,10.1016/0167-2738(85)90064-5
802,0.3Li2S-0.7GeS2,9.30E-07,0.48,,,10.1016/0167-2738(85)90064-5; 10.1016/0167-2738(85)90064-5
803,0.4Li2S-0.6GeS2,2.90E-06,0.42,,,
804,0.5Li2S-0.5GeS2,3.30E-05,0.35,,,10.1016/0167-2738(85)90064-5; 10.1016/0167-2738(85)90064-5
805,0.6Li2S-0.4GeS2,9.20E-05,0.32,,,10.1016/0167-2738(85)90064-5
806,0.63Li2S-0.37GeS2,1.50E-04,0.34,,,10.1016/0167-2738(85)90064-5; 10.1016/0167-2738(85)90064-5
807,0.66Li2S-0.34GeS2,1.00E-04,0.37,,,10.1016/0167-2738(85)90064-5; 10.1016/0167-2738(85)90064-5
808,0.7Li2S-0.3GeS2,1.20E-04,0.34,,,10.1016/0167-2738(85)90064-5
809,Li6.55La3Zr2Ga0.15O12,1.30E-03,0.3,,,10.1021/cm5008069
810,Li6.40La3Zr2Ga0.2O12,9.00E-04,0.3,,,
811,Li6.10La3Zr2Ga0.25O12,7.00E-05,0.3,,,
812,Li6.8La3Zr1.8Sb0.2O12,5.90E-05,0.39,,,
813,Li6.6La3Zr1.6Sb0.4O12,7.70E-04,0.34,,,10.1039/c3cp50991e
814,Li6.4La3Zr1.4Sb0.6O12,6.60E-04,0.36,,,10.1039/c3cp50991e; 10.1039/c3cp50991e
815,Li6.2La3Zr1.2Sb0.8O12,4.50E-04,0.37,,,10.1039/c3cp50991e; 10.1039/c3cp50991e
816,Li6La3ZrSbO12,2.60E-04,0.38,,,10.1039/c3cp50991e; 10.1039/c3cp50991e
817,Li(In0.62Li1.38)Br3.92,4.90E-06,0.58,,,
818,Li3InBr6,1.77E-04,,,,10.1016/j.ssi.2008.02.012
819,Li3InBr4Cl2,7.58E-06,,,,10.1016/j.ssi.2008.02.012
820,Li3InBr3Cl3,1.14E-04,,,,
821,Li3InBr2.5Cl3.5,3.60E-06,,,,10.1016/j.ssi.2008.02.012
822,Li3InBr2Cl4,6.89E-08,,,,10.1016/j.ssi.2008.02.012
823,Li1.8Mg1.1Cl4,1.52E-06,,,,10.1002/chin.198428014
824,Li1.6Mg1.2Cl4,3.07E-06,,,,
825,Li1.34Mg1.33Cl4,3.07E-06,,,,10.1002/chin.198428014
826,Li1.9Mn1.05Cl4,4.61E-06,,,,10.1002/chin.198428014
827,Li1.72Mn1.14Cl4,3.62E-06,,,,10.1002/chin.198428014
828,Li1.6Mn1.2Cl4,1.45E-05,,,,10.1002/chin.198428014
829,Li1.52Mn1.24Cl4,1.85E-05,,,,
830,Li1.34Mn1.33Cl4,9.57E-06,,,,10.1002/chin.198428014
831,Li1.94Cl1.03Cl4,2.56E-06,,,,10.1002/chin.198428014
832,Li1.90Cd1.05Cl4,3.50E-06,,,,10.1002/chin.198428014
833,Li2OHBrF,7.10E-07,,,,10.1039/c9cc08382k
834,Li2OHBr0.99F0.01,9.16E-07,,,,10.1039/c9cc08382k
835,Li2OHBr0.98F0.02,1.11E-06,,,,10.1039/c9cc08382k
836,Li2OHBr0.95F0.05,6.75E-07,,,,10.1039/c9cc08382k
837,Li2OHBr0.9F0.1,6.80E-07,,,,10.1039/c9cc08382k
838,Li2OHBr0.8F0.2,5.44E-07,,,,
839,Li3(OH)2Cl,2.72E-08,0.88,,,10.1021/jacs.5b11851
840,Li5(OH)3Cl2,2.52E-08,0.75,,,10.1021/jacs.5b11851
841,Li2OHCl,4.28E-08,0.56,,,10.1021/jacs.5b11851
842,Li5(OH)2Cl3,1.48E-07,0.49,,,10.1021/jacs.5b11851
843,Li3OHCl2,8.92E-08,0.67,,,10.1021/jacs.5b11851
844,Li3.7Zn0.15GeO4,4.63E-07,,,,10.1016/0022-4596(82)90383-8
845,Li3.5Zn0.25GeO4,2.42E-07,,,,10.1016/0022-4596(82)90383-8
846,Li3.1Zn0.45GeO4,9.89E-08,,,,10.1016/0022-4596(82)90383-8
847,Li2.8Zn0.6GeO4,1.27E-07,,,,10.1016/0022-4596(82)90383-8
848,Li2.6Zn0.7GeO4,5.79E-08,,,,10.1016/0022-4596(82)90383-8
849,Li2.3Zn0.85GeO4,4.23E-09,,,,10.1016/0022-4596(82)90383-8
850,Li7La2.75Ca0.25Zr1.75Nb0.25O12,2.20E-04,0.35,,,10.1038/nmat4821
851,Li1.5Cr0.5Ti1.5(PO4)3,1.98E-04,0.29,,,10.1039/c8cc00734a
852,Li3V2(PO4)3,2.09E-07,,,,10.1039/c8cc00734a
853,Li3V1.8Al0.2(PO4)3,1.88E-06,,,,10.1039/c8cc00734a
854,Li3V1.6Al0.4(PO4)3,6.21E-06,,,,
855,Li3V1.4Al0.6(PO4)3,9.34E-07,,,,10.1039/c8cc00734a
856,Li7P2.9Mn0.1S10.7I0.3,5.60E-03,0.22,,,10.1016/j.rser.2019.04.035; 10.1039/c7ta01147d
857,0.3 Li2S * 0.7 SiS2,1.60E-06,0.46,,,10.1016/0167-2738(86)90139-6
858,0.4 Li2S * 0.6 SiS2,2.80E-05,0.38,,,10.1016/0167-2738(86)90139-6
859,0.5 Li2S * 0.5 SiS2,1.00E-04,0.32,,,
860,0.6 Li2S * 0.4 SiS2,5.00E-04,0.25,,,
861,(2Li2S-P2S5),1.12E-04,,,,10.1016/0167-2738(81)90341-6
862,(2Li2S-P2S5)0.85(LiI)0.15,2.35E-04,,,,10.1016/0167-2738(81)90341-6
863,(2Li2S-P2S5)0.75(LiI)0.25,3.96E-04,,,,10.1016/0167-2738(81)90341-6
864,(2Li2S-P2S5)0.60(LiI)0.40,7.60E-04,,,,10.1016/0167-2738(81)90341-6
865,(2Li2S-P2S5)0.55(LiI)0.45,1.12E-03,,,,
866,0.14 SiS2-0.09 P2S5-0.47 Li2S-0.30 LiI,1.32E-03,0.34,,,10.1016/0254-0584(89)90015-1
867,0.26B2S3 – 0.3Li2S – 0.44LiI,1.57E-03,0.3,,,
868,0.26B2S3 – 0.31Li2S – 0.43LiI,7.99E-04,0.33,,,
869,0.27B2S3 – 0.32Li2S – 0.41LiI,4.25E-04,0.35,,,
870,0.5 SiS2-0.5 Li2S,1.50E-04,0.34,,,10.1149/1.2114001
871,0.1 LiBr-0.45 SiS2-0.45 Li2S,1.90E-04,0.3,,,
872,0.2 LiBr-0.4 SiS2-0.4 Li2S,2.10E-04,0.33,,,
873,0.25 LiBr-0.38 SiS2-0.38 Li2S,2.40E-04,0.31,,,10.1149/1.2114001
874,0.3 LiBr-0.3 SiS2-0.35 Li2S,3.20E-04,0.33,,,
875,0.35 LiBr-0.33 SiS2-0.33 Li2S,2.30E-04,0.38,,,
876,0.4 LiBr-0.3 SiS2-0.3 Li2S,1.10E-04,0.42,,,
877,SiS2-Li2S,1.20E-04,0.35,,,10.1016/0167-2738(86)90142-6
878,0.9(SiS2-Li2S)-0.1LiCl,1.84E-04,0.34,,,10.1016/0167-2738(86)90142-6
879,0.8(SiS2-Li2S)-0.2LiCl,2.35E-04,0.33,,,10.1016/0167-2738(86)90142-6
880,0.75(SiS2-Li2S)-0.25LiCl,2.66E-04,0.35,,,
881,0.7(SiS2-Li2S)-0.3LiCl,2.33E-04,0.35,,,10.1016/0167-2738(86)90142-6
882,0.65(SiS2-Li2S)-0.35LiCl,1.78E-04,0.36,,,
883,0.6(SiS2-Li2S)-0.4LiCl,9.30E-05,0.34,,,
884,(0.4SiS2-0.6Li2S),5.30E-04,0.33,,,10.1149/1.2108425
885,0.9(0.4SiS2-0.6Li2S)-0.1LiI,6.50E-04,0.31,,,10.1149/1.2108425
886,0.8(0.4SiS2-0.6Li2S)-0.2LiI,7.70E-04,0.3,,,10.1149/1.2108425
887,0.7(0.4SiS2-0.6Li2S)-0.3LiI,1.15E-03,0.29,,,10.1149/1.2108425
888,0.6(0.4SiS2-0.6Li2S)-0.4LiI,1.78E-03,0.28,,,10.1149/1.2108425
889,0.55(0.4SiS2-0.6Li2S)-0.45LiI,1.41E-03,0.29,,,10.1149/1.2108425
890,0.24SiS2-0.36Li2S-0.4LiI,1.80E-03,0.28,,,10.1016/0022-4596(87)90081-8
891,0.28SiS2-0.42Li2S-0.30LiI,1.80E-03,0.31,,,10.1016/s0167-2738(88)80133-4
892,0.14SiS2-0.09P2S5-0.47Li2S-0.30LiI,2.10E-03,0.34,,,10.1016/s0167-2738(88)80133-4
893,0.27SiS2-0.03Al2S3-0.30Li2S-0.40LiI,1.20E-03,0.34,,,10.1016/s0167-2738(88)80133-4
894,0.21SiS2-0.09B2S3-0.30Li2S-0.40LiI,1.70E-03,0.3,,,10.1016/s0167-2738(88)80133-4
895,0.30Li2S-0.7GeS­2,4.40E-07,0.63,,,10.1016/0022-3093(80)90430-5
896,0.40Li2S-0.60GeS2,3.20E-06,0.52,,,10.1016/0022-3093(80)90430-5
897,0.50Li2S-0.50GeS2,4.00E-05,0.51,,,10.1016/0022-3093(80)90430-5
898,0.3Li2S-0.7P2S5,1.70E-02,0.18,,,10.1039/c3ee41655k
899,0.7Li2S-0.3P2S5,3.20E-03,0.12,,,10.1002/adma.200401286; 10.1016/j.ssi.2006.04.017; 10.1149/1.2056487
900,0.6Li2S-0.4P2S5,1.50E-04,0.31,,,
901,0.95(0.6Li2S-0.4SiS2)- 0.05Li4SiO4,1.58E-03,0.34,,,
902,0.9(0.6Li2S-0.4SiS2)- 0.1Li4SiO4,4.34E-04,0.37,,,
903,0.8(0.6Li2S-0.4SiS2)- 0.2Li4SiO4,1.59E-04,0.43,,,
904,0.95(0.6Li2S-0.4SiS2)-0.05Li3PO4,8.68E-04,0.35,,,10.1016/s0167-2738(00)00555-5
905,0.7(0.6Li2S-0.4SiS2)- 0.3Li3PO4,2.08E-05,0.46,,,
906,0.6(0.6Li2S-0.4SiS2)- 0.4Li3PO4,5.33E-06,0.51,,,
907,0.95(0.6Li2S-0.4SiS2)-0.05Li4GeO4,1.19E-03,0.28,,,10.1016/s0167-2738(00)00555-5
908,0.9(0.6Li2S-0.4SiS2)- 0.1Li4GeO4,3.18E-04,0.35,,,
909,0.85(0.6Li2S-0.4SiS2)- 0.15Li4GeO4,1.14E-04,0.4,,,
910,0.95(0.6Li2S-0.4SiS2)-0.05Li3BO3,1.44E-03,0.33,,,10.1016/s0167-2738(00)00555-5
911,0.93(0.6Li2S-0.4SiS2)-0.07Li3BO3,3.84E-04,0.35,,,
912,0.85(0.6Li2S-0.4SiS2)-0.15Li3BO3,3.42E-04,0.36,,,10.1016/s0167-2738(00)00555-5
913,0.75(0.6Li2S-0.4SiS2)-0.25Li3BO3,7.06E-05,0.38,,,
914,0.95(0.6Li2S-0.4SiS2)-0.05Li3AlO3,1.31E-03,0.31,,,
915,0.94(0.6Li2S-0.4SiS2)-0.06Li3AlO3,6.83E-04,0.34,,,10.1016/s0167-2738(00)00555-5
916,0.92(0.6Li2S-0.4SiS2)-0.08Li3AlO3,4.04E-04,0.34,,,
917,0.825(0.6Li2S-0.4SiS2)- 0.175Li3AlO3,1.31E-04,0.36,,,
918,0.975(0.6Li2S-0.4SiS2)-0.025Li3GaO3,6.82E-04,0.31,,,10.1016/s0167-2738(00)00555-5
919,0.95(0.6Li2S-0.4SiS2)-0.05Li3GaO3,3.25E-04,0.32,,,10.1016/s0167-2738(00)00555-5
920,0.92(0.6Li2S-0.4SiS2)-0.08Li3GaO3,3.03E-04,0.35,,,10.1016/s0167-2738(00)00555-5
921,0.89(0.6Li2S-0.4SiS2)-0.11Li3GaO3,1.13E-04,0.38,,,
922,0.97(0.6Li2S-0.4SiS2)-0.03Li3InO3,3.09E-04,0.34,,,10.1016/s0167-2738(00)00555-5
923,0.95(0.6Li2S-0.4SiS2)-0.05Li3InO3,3.25E-04,0.35,,,
924,0.9(0.6Li2S-0.4SiS2)-0.1Li3InO3,6.84E-05,0.4,,,
925,0.95(0.6Li2S-0.4SiS2)-0.05Li4SiO4,1.54E-03,0.38,,,10.1016/0167-2738(95)00094-m
926,0.9(0.6Li2S-0.4SiS2)-0.1Li4SiO4,4.39E-04,0.4,,,10.1016/0167-2738(95)00094-m
927,0.95(0.6Li2S-0.4SiS2)-0.05Li2SO4,4.53E-04,0.41,,,
928,0.9(0.6Li2S-0.4SiS2)-0.1Li2SO4,4.70E-05,0.45,,,
929,0.5Li2O-0.1TiO2-0.4P2O5,5.67E-08,0.56,,,10.1016/s0167-2738(00)00768-2
930,0.5025Li2O-0.0025Al2O3-0.095TiO2-0.4P2O5,1.56E-08,0.55,,,
931,0.505Li2O-0.005Al2O3-0.09TiO2-0.4P2O5,1.78E-07,0.5,,,10.1016/s0167-2738(00)00768-2
932,0.5075Li2O-0.0075Al2O3-0.085TiO2-0.4P2O5,2.51E-07,0.57,,,
933,0.51Li2O-0.01Al2O3-0.08TiO2-0.4P2O5,1.58E-07,0.55,,,10.1016/s0167-2738(00)00768-2
934,0.515Li2O-0.015Al2O3-0.07TiO2-0.4P2O5,1.25E-07,0.56,,,
935,0.525Li2O-0.025Al2O3-0.05TiO2-0.4P2O5,2.17E-07,0.56,,,
936,0.53Li2O-0.03Al2O3-0.04TiO2-0.4P2O5,2.72E-07,0.54,,,
937,0.54Li2O-0.04Al2O3-0.02TiO2-0.4P2O5,1.97E-07,0.55,,,
938,0.545Li2O-0.045Al2O3-0.01TiO2-0.4P2O5,7.14E-08,0.56,,,
939,0.95(0.6Li2S-0.4SiS2)-0.05Li4SiO4,1.51E-03,0.34,,,10.1016/s0167-2738(02)00077-2
940,0.90(0.6Li2S-0.4SiS2)-0.1Li4SiO4,4.34E-04,0.37,,,10.1016/s0167-2738(02)00077-2
941,0.8(0.6Li2S-0.4SiS2)-0.2Li4SiO4,1.63E-04,0.43,,,10.1016/s0167-2738(02)00077-2
942,0.95(0.6Li2S-0.4SiS2)-0.05Li3PO4,9.32E-04,0.35,,,
943,0.9(0.6Li2S-0.4SiS2)-0.1Li3PO4,4.55E-04,0.37,,,
944,0.7(0.6Li2S-0.4SiS2)-0.3Li3PO4,2.08E-05,0.46,,,10.1016/s0167-2738(02)00077-2
945,0.6(0.6Li2S-0.4SiS2)-0.4Li3PO4,5.33E-06,0.51,,,10.1016/s0167-2738(00)00555-5; 10.1016/s0167-2738(02)00077-2
946,0.95(0.6Li2S-0.4SiS2)-0.05Li4GeO4,1.21E-03,0.28,,,
947,0.9(0.6Li2S-0.4SiS2)-0.1Li4GeO4,3.18E-04,0.34,,,10.1016/s0167-2738(00)00555-5; 10.1016/s0167-2738(02)00077-2
948,0.85(0.6Li2S-0.4SiS2)-0.15Li4GeO4,1.14E-04,0.41,,,10.1016/s0167-2738(02)00077-2
949,Li7PS6,8.00E-05,,,,
950,0.7Li2S-0.3P2S5,3.20E-03,0.12,,,10.1002/adma.200401286; 10.1016/j.ssi.2006.04.017; 10.1149/1.2056487
951,0.95(0.6Li2S-0.4SiS2)-0.05Li3BO3,1.40E-03,,,,10.1016/s0167-2738(02)00313-2
952,0.93(0.6Li2S-0.4SiS2)-0.07Li3BO3,3.71E-04,,,,
953,0.85(0.6Li2S-0.4SiS2)-0.15Li3BO3,3.39E-04,,,,
954,0.75(0.6Li2S-0.4SiS2)-0.25Li3BO3,7.15E-05,,,,10.1016/s0167-2738(02)00313-2
955,0.95(0.6Li2S-0.4SiS2)-0.05Li3AlO3,1.22E-03,,,,10.1016/s0167-2738(02)00313-2
956,0.94(0.6Li2S-0.4SiS2)-0.06Li3AlO3,6.67E-04,,,,
957,0.92(0.6Li2S-0.4SiS2)-0.08Li3AlO3,3.94E-04,,,,
958,0.825(0.6Li2S-0.4SiS2)-0.175Li3AlO3,1.25E-04,,,,
959,0.975(0.6Li2S-0.4SiS2)-0.025Li3GaO3,7.05E-04,,,,
960,0.95(0.6Li2S-0.4SiS2)-0.05Li3GaO3,3.36E-04,,,,
961,0.92(0.6Li2S-0.4SiS2)-0.08Li3GaO3,3.06E-04,,,,10.1016/s0167-2738(02)00313-2
962,0.89(0.6Li2S-0.4SiS2)-0.11Li3GaO3,1.20E-04,,,,
963,0.97(0.6Li2S-0.4SiS2)-0.03Li3InO3,3.11E-04,,,,
964,0.95(0.6Li2S-0.4SiS2)-0.05Li3InO3,2.99E-04,,,,10.1016/s0167-2738(02)00313-2
965,0.90(0.6Li2S-0.4SiS2)-0.10Li3InO3,6.81E-05,,,,10.1016/s0167-2738(02)00313-2
966,(0.67Li2S-0.33SiS2)-(0.75Li2S-0.25P2S5),1.20E-03,0.28,,,10.1149/1.1540792
967,0.2Li3N-0.8SiS2,1.46E-06,0.45,,,10.1021/cm010770p
968,0.3Li3N-0.7SiS2,2.97E-05,0.36,,,10.1021/cm010770p
969,0.4Li3N-0.6SiS2,2.74E-04,0.3,,,10.1021/cm010770p
970,0.5Li3N-0.5SiS2,4.47E-05,0.34,,,10.1021/cm010770p
971,0.6Li3N-0.4SiS2,2.25E-08,0.63,,,10.1021/cm010770p
972,0.6Li2S-0.4P2S3,5.70E-06,,,,
973,0.63Li2S-0.37P2S3,2.55E-05,,,,10.1246/cl.2004.30
974,0.667Li2S-0.333P2S3,1.10E-04,0.4,,,10.1246/cl.2004.30
975,0.7Li2S-0.3P2S3,7.90E-05,,,,10.1246/cl.2004.30
976,0.75Li2S-0.25P2S3,5.08E-05,,,,10.1246/cl.2004.30
977,0.6Li2S-0.4SiS2,5.10E-04,0.33,,,10.1021/jp983755p
978,0.555Li2S-0.4SiS2-0.045Li3N,1.50E-03,0.28,,,
979,0.525Li2S-0.4SiS2-0.075Li3N,9.60E-04,0.29,,,
980,0.1Li2O-0.1LiCl-0.65B2O3-0.1SiO2-0.05Al2O3,1.90E-04,0.427,,,
981,0.75Li2O-0.25P2S5,1.80E-05,0.48,,,
982,0.75(0.7Li2O-0.3Li2S)-0.25P2S5,2.42E-05,0.48,,,10.2497/jjspm.51.91
983,0.75(0.5Li2O-0.5Li2S)-0.25P2S5,2.83E-05,0.46,,,10.2497/jjspm.51.91
984,0.75(0.4Li2O-0.6Li2S)-0.25P2S5,4.99E-05,0.44,,,
985,0.75(0.3Li2O-0.7Li2S)-0.25P2S5,8.89E-05,0.4,,,10.2497/jjspm.51.91
986,0.75(0.2Li2O-0.8Li2S)-0.25P2S5,1.63E-04,0.38,,,
987,0.75(0.1Li2O-0.9Li2S)-0.25P2S5,2.27E-04,0.36,,,10.2497/jjspm.51.91
988,0.75Li2S-0.25P2S5,1.80E-04,0.41,,,10.2497/jjspm.51.91
989,0.45Li2-0.55SiS2,1.08E-04,0.4,,,10.1016/s0167-2738(98)00398-1
990,0.5Li2-0.5SiS2,3.36E-04,0.32,,,10.1016/s0167-2738(98)00398-1
991,0.55Li2-0.45SiS2,6.53E-04,0.3,,,10.1016/s0167-2738(98)00398-1
992,0.60Li2-0.4SiS2,1.19E-03,0.29,,,10.1016/s0167-2738(98)00398-1
993,0.63Li2-0.37SiS2,1.05E-03,0.3,,,10.1016/s0167-2738(98)00398-1
994,0.65Li2-0.35SiS2,7.41E-04,0.33,,,10.1016/s0167-2738(98)00398-1
995,0.95(0.5Li2-0.5SiS2)-0.05(0.5Li2O-0.5P2O5),4.27E-04,0.38,,,10.1016/s0167-2738(98)00398-1
996,0.95(0.53Li2-0.47SiS2)-0.05(0.53Li2O-0.47P2O5),5.91E-04,0.33,,,
997,0.95(0.55Li2-0.45SiS2)-0.05(0.55Li2O-0.45P2O5),1.01E-03,0.34,,,
998,0.95(0.58Li2-0.42SiS2)-0.05(0.58Li2O-0.42P2O5),1.06E-03,0.34,,,
999,0.95(0.6Li2-0.4SiS2)-0.05(0.6Li2O-0.4P2O5),1.01E-03,0.27,,,10.1016/s0167-2738(98)00398-1
1000,0.95(0.63Li2-0.37SiS2)-0.05(0.63Li2O-0.37P2O5),8.71E-04,0.33,,,
1001,0.95(0.65Li2-0.35SiS2)-0.05(0.65Li2O-0.35P2O5),5.34E-04,0.32,,,
1002,0.95(0.67Li2-0.33SiS2)-0.05(0.67Li2O-0.33P2O5),1.99E-04,0.37,,,
1003,0.8(0.55Li2-0.45SiS2)-0.2(0.55Li2O-0.45P2O5),7.88E-05,0.41,,,10.1016/s0167-2738(98)00398-1
1004,0.8(0.6Li2-0.4SiS2)-0.2(0.6Li2O-0.4P2O5),7.69E-05,0.41,,,
1005,0.8(0.65Li2-0.35SiS2)-0.2(0.65Li2O-0.35P2O5),5.21E-05,0.42,,,
1006,0.65Li2S-0.35P2S5,4.14E-05,,,,
1007,0.675Li2S-0.325P2S5,7.84E-05,,,,
1008,0.7Li2S-0.3P2S5,1.58E-03,0.39,,,10.1016/j.ssi.2017.03.024
1009,0.725Li2S-0.275P2S5,4.51E-04,,,,10.1016/j.ssi.2017.03.024
1010,0.75Li2S-0.25P2S5,3.67E-04,,,,10.1016/j.ssi.2017.03.024
1011,0.6Li2S-0.4SiS2,1.69E-04,,,,
1012,0.1LiI-0.9(0.6Li2S-0.4SiS2),2.35E-04,,,,
1013,0.2LiI-0.8(0.6Li2S-0.4SiS2),3.52E-04,,,,10.2497/jjspm.49.799
1014,0.3LiI-0.7(0.6Li2S-0.4SiS2),7.42E-04,,,,
1015,0.5Li2S-0.5SiS2,1.58E-06,,,,10.2497/jjspm.49.799
1016,0.1LiI-0.9(0.5Li2S-0.5SiS2),3.99E-05,,,,
1017,0.2LiI-0.8(0.6Li2S-0.4SiS2),1.23E-04,,,,10.2497/jjspm.49.799
1018,0.3LiI-0.7(0.6Li2S-0.4SiS2),3.62E-04,,,,10.2497/jjspm.49.799
1019,Li6Si2S7,4.11E-04,0.37,,,10.1016/0167-2738(96)00195-6; 10.1016/0167-2738(96)00195-6
1020,0.95Li6Si2S7-0.05Li6B4O9,4.11E-04,0.35,,,10.1016/0167-2738(96)00195-6
1021,0.9Li6Si2S7-0.1Li6B4O9,3.76E-04,0.39,,,10.1016/0167-2738(96)00195-6
1022,0.875Li6Si2S7-0.125Li6B4O9,2.77E-04,0.39,,,
1023,0.75Li6Si2S7-0.25Li6B4O9,1.42E-04,0.4,,,
1024,0.95Li6Si2S7-0.05Li6B4S9,4.90E-04,0.37,,,10.1016/0167-2738(96)00195-6
1025,0.925Li6Si2S7-0.075Li6B4S9,3.65E-04,0.38,,,
1026,0.9Li6Si2S7-0.1Li6B4S9,4.73E-04,0.38,,,10.1016/0167-2738(96)00195-6
1027,0.875Li6Si2S7-0.125Li6B4S9,4.40E-04,0.37,,,10.1016/0167-2738(96)00195-6
1028,0.75Li6Si2S7-0.25Li6B4S9,5.02E-04,0.36,,,10.1016/0167-2738(96)00195-6
1029,0.63Li6Si2S7-0.37Li6B4S9,4.39E-04,0.39,,,
1030,(Li2S)60(SiS2)28(P2S5)12,1.23E-03,0.34,,,10.1149/2.0841908jes
1031,Li7La3Zr2O12–5 wt% LiPO3,2.50E-06,0.51,,,
1032,Li7La3Zr2O12–3 wt% 65Li2O·27B2O3·8SiO2,1.50E-05,0.44,,,
1033,Li7La3Zr2O12–5 wt% 40.2Li2O·5.7Y2O3·54.1SiO2,2.50E-05,0.39,,,
1034,0.6Li2S-0.4P2S5,3.32E-06,0.52,,,10.1039/c7ta06067j
1035,0.667Li2S-0.333P2S5,3.84E-05,0.44,,,
1036,0.7Li2S-0.3P2S5,3.77E-05,0.45,,,10.1039/c7ta06067j
1037,0.75Li2S-0.25P2S5,2.79E-04,0.4,,,10.1039/c7ta06067j
1038,0.8Li2S-0.2P2S5,1.32E-04,0.44,,,10.1039/c7ta06067j
1039, (0.75Li2S-0.25P2S5),2.68E-04,0.26,,,10.1016/j.jpowsour.2012.12.001
1040,0.95(0.75Li2S-0.25P2S5)-0.05LiBH4,3.98E-04,0.25,,,10.1016/j.jpowsour.2012.12.001
1041,0.89(0.75Li2S-0.25P2S5)-0.11LiBH4,6.18E-04,0.26,,,
1042,0.67(0.75Li2S-0.25P2S5)-0.33LiBH4,1.13E-03,0.21,,,
1043,Li7P2.9S10.85Mo0.01,4.80E-03,0.24,,,10.1039/c6ta10142a
1044,Li7P3S11,2.60E-03,0.29,,,10.1039/c6ta10142a
1045,Li7P2.9Mn0.1S10.7I0.3,5.60E-03,0.22,,,10.1016/j.rser.2019.04.035; 10.1039/c7ta01147d
1046,Li11AlP2S12,8.02E-04,0.26,,,10.1039/c6cc02131j
1047,Li3PS4,1.78E-04,0.33,,,
1048,Li3PS4 – 2 wt% Al2O3,2.27E-04,0.35,,,
1049,Li3PS4 – 5 wt% Al2O3,1.96E-04,0.35,,,10.1016/j.ssi.2015.10.014
1050,Li3PS4 – 8 wt% Al2O3,1.60E-04,0.36,,,10.1016/j.ssi.2015.10.014
1051,Li3PS4 – 10 wt% Al2O3,1.50E-04,0.36,,,10.1016/j.ssi.2015.10.014
1052,Li3PS4 – 30 wt% Al2O3,9.96E-05,0.36,,,
1053,Li3PS4 – 50 wt% Al2O3,9.38E-07,0.44,,,10.1016/j.ssi.2015.10.014
1054,Li3PS4 – 70 wt% Al2O3,3.92E-08,0.6,,,10.1016/j.ssi.2015.10.014
1055,Li3PS4 – 90 wt% Al2O3,1.54E-09,0.79,,,10.1016/j.ssi.2015.10.014
1056,Li3PS4 – 2 wt% SiO2,2.28E-04,0.32,,,10.1016/j.ssi.2015.10.014
1057,Li3PS4 – 5 wt% SiO2,1.96E-04,0.33,,,10.1016/j.ssi.2015.10.014
1058,Li3PS4 – 8 wt% SiO2,1.60E-04,0.33,,,10.1016/j.ssi.2015.10.014
1059,Li3PS4 – 10 wt% SiO2,1.50E-04,0.33,,,10.1016/j.ssi.2015.10.014
1060,Li3PS4 – 30 wt% SiO2,1.00E-04,0.35,,,10.1016/j.ssi.2015.10.014
1061,Li3PS4 – 50 wt% SiO2,3.80E-05,0.36,,,
1062,Li3PS4 – 70 wt% SiO2,5.92E-06,0.38,,,10.1016/j.ssi.2015.10.014
1063,Li3PS4 – 90 wt% SiO2,8.53E-09,0.41,,,10.1016/j.ssi.2015.10.014
1064,Li3PS4 – 5 wt% Li6ZnNb4O14,2.28E-04,0.29,,,
1065,Li3PS4 – 10 wt% Li6ZnNb4O14,2.43E-04,0.31,,,
1066,Li3PS4 – 15 wt% Li6ZnNb4O14,2.41E-04,0.32,,,
1067,Li3PS4 – 20 wt% Li6ZnNb4O14,2.22E-04,0.33,,,
1068,Li3PS4 – 30 wt% Li6ZnNb4O14,1.87E-04,0.34,,,
1069,Li3PS4 – 50 wt% Li6ZnNb4O14,1.42E-04,0.36,,,
1070,Li3PS4 – 70 wt% Li6ZnNb4O14,7.23E-05,0.38,,,
1071,Li3PS4 – 90 wt% Li6ZnNb4O14,2.99E-07,0.4,,,
1072,Li3PS4 ,1.46E-04,0.38,,,10.1039/c3ta15223e
1073,Li3PS4 – 10 wt% Li7La3Zr2O12,2.96E-04,0.36,,,
1074,Li3PS4 – 20 wt% Li7La3Zr2O12,3.70E-04,0.35,,,
1075,Li3PS4 – 25 wt% Li7La3Zr2O12,4.10E-04,0.35,,,
1076,Li3PS4 – 30 wt% Li7La3Zr2O12,5.38E-04,0.36,,,
1077,Li3PS4 – 35 wt% Li7La3Zr2O12,4.00E-04,0.36,,,
1078,Li3PS4 – 40 wt% Li7La3Zr2O12,3.33E-04,0.36,,,
1079,Li3PS4 – 60 wt% Li7La3Zr2O12,2.19E-04,0.4,,,
1080,Li3PS4 – 70 wt% Li7La3Zr2O12,1.26E-05,0.43,,,
1081,Li3PS4 – 90 wt% Li7La3Zr2O12,6.04E-06,0.44,,,
1082,Li7La3Zr2O12,5.20E-08,0.47,,,10.1039/c3ta15223e
1083,Li3.45Ge0.45P0.55S3.1Se0.9,9.80E-04,,,,10.1016/j.jpowsour.2010.02.042
1084,Li3.4Ge0.4P0.6S3.2Se0.8,1.17E-03,,,,10.1016/j.jpowsour.2010.02.042
1085,Li3.35Ge0.35P0.65S3.3Se0.7,1.20E-03,,,,
1086,Li3.3Ge0.3P0.7S3.4Se0.6,1.33E-03,,,,10.1016/j.jpowsour.2010.02.042
1087,Li3.25Ge0.25P0.75S3.5Se0.5,5.03E-04,,,,10.1016/j.jpowsour.2010.02.042
1088,Li3.20Ge0.20P0.8S3.6Se0.4,1.08E-03,,,,10.1016/j.jpowsour.2010.02.042
1089,Li3.15Ge0.15P0.85S3.7Se0.3,8.16E-04,,,,10.1016/j.jpowsour.2010.02.042
1090,Li3.1Ge0.1P0.9S3.8Se0.2,1.13E-03,,,,10.1016/j.jpowsour.2010.02.042
1091,Li3.05Ge0.05P0.95S3.9Se0.1,1.41E-03,,,,10.1016/j.jpowsour.2010.02.042
1092,Li3PS4,9.35E-04,,,,10.1016/j.jpowsour.2010.02.042
1093,0.8Li2O-0.2P2S5,1.54E-05,,,,10.1016/j.ssi.2012.02.034
1094,0.05Li2S-0.75Li2O-0.2P2S5,1.39E-05,,,,10.1016/j.ssi.2012.02.034
1095,0.1Li2S-0.7Li2O-0.2P2S5,1.59E-05,,,,10.1016/j.ssi.2012.02.034
1096,0.15Li2S-0.65Li2O-0.2P2S5,2.32E-05,,,,10.1016/j.ssi.2012.02.034
1097,0.2Li2S-0.6Li2O-0.2P2S5,2.89E-05,,,,10.1016/j.ssi.2012.02.034
1098,0.25Li2S-0.55Li2O-0.2P2S5,3.80E-05,,,,
1099,0.3Li2S-0.5Li2O-0.2P2S5,4.35E-05,,,,10.1016/j.ssi.2012.02.034
1100,0.35Li2S-0.45Li2O-0.2P2S5,5.26E-05,,,,10.1016/j.ssi.2012.02.034
1101,0.4Li2S-0.4Li2O-0.2P2S5,4.45E-05,,,,10.1016/j.ssi.2012.02.034
1102,0.45Li2S-0.35Li2O-0.2P2S5,6.35E-05,,,,10.1016/j.ssi.2012.02.034
1103,0.5Li2S-0.3Li2O-0.2P2S5,8.11E-05,,,,
1104,0.55Li2S-0.25Li2O-0.2P2S5,1.12E-04,,,,10.1016/j.ssi.2012.02.034
1105,0.6Li2S-0.2Li2O-0.2P2S5,1.12E-04,,,,
1106,0.65Li2S-0.15Li2O-0.2P2S5,1.13E-04,,,,
1107,0.7Li2S-0.1Li2O-0.2P2S5,1.09E-04,,,,10.1016/j.ssi.2012.02.034
1108,0.75Li2S-0.05Li2O-0.2P2S5,1.43E-04,,,,
1109,0.8Li2S-0.2P2S5,2.99E-04,,,,
1110,0.75Li2O-0.25P2S5,1.55E-05,,,,10.1016/j.ssi.2012.02.034
1111,0.05Li2S-0.7Li2O-0.25P2S5,1.42E-05,,,,10.1016/j.ssi.2012.02.034
1112,0.1Li2S-0.65Li2O-0.25P2S5,2.52E-05,,,,10.1016/j.ssi.2012.02.034
1113,0.15Li2S-0.6Li2O-0.25P2S5,2.67E-05,,,,
1114,0.2Li2S-0.55Li2O-0.25P2S5,2.74E-05,,,,
1115,0.25Li2S-0.5Li2O-0.25P2S5,3.80E-05,,,,10.1016/j.ssi.2012.02.034
1116,0.3Li2S-0.45Li2O-0.25P2S5,5.88E-05,,,,10.1016/j.ssi.2012.02.034
1117,0.35Li2S-0.4Li2O-0.25P2S5,1.33E-05,,,,10.1016/j.ssi.2012.02.034
1118,0.4Li2S-0.35Li2O-0.25P2S5,2.44E-05,,,,10.1016/j.ssi.2012.02.034
1119,0.45Li2S-0.3Li2O-0.25P2S5,2.30E-05,,,,10.1016/j.ssi.2012.02.034
1120,0.5Li2S-0.25Li2O-0.25P2S5,9.56E-06,,,,10.1016/j.ssi.2012.02.034
1121,0.55Li2S-0.2Li2O-0.25P2S5,7.06E-05,,,,
1122,0.6Li2S-0.15Li2O-0.25P2S5,9.27E-05,,,,10.1016/j.ssi.2012.02.034
1123,0.65Li2S-0.1Li2O-0.25P2S5,1.15E-04,,,,
1124,0.7Li2S-0.05Li2O-0.25P2S5,9.76E-05,,,,10.1016/j.ssi.2012.02.034
1125,0.75Li2S-0.25P2S5,1.60E-04,,,,10.1016/j.ssi.2012.02.034
1126,0.7Li2O-0.3P2S5,5.78E-11,,,,10.1016/j.ssi.2012.02.034
1127,0.05Li2S-0.65Li2O-0.3P2S5,1.51E-08,,,,
1128,0.1Li2S-0.6Li2O-0.3P2S5,7.78E-08,,,,
1129,0.15Li2S-0.55Li2O-0.3P2S5,2.90E-07,,,,10.1016/j.ssi.2012.02.034
1130,0.2Li2S-0.5Li2O-0.3P2S5,1.67E-05,,,,
1131,0.25Li2S-0.45Li2O-0.3P2S5,8.64E-07,,,,10.1016/j.ssi.2012.02.034
1132,0.3Li2S-0.4Li2O-0.3P2S5,1.62E-06,,,,
1133,0.35Li2S-0.35Li2O-0.3P2S5,3.68E-06,,,,
1134,0.4Li2S-0.3Li2O-0.3P2S5,5.86E-06,,,,10.1016/j.ssi.2012.02.034
1135,0.45Li2S-0.25Li2O-0.3P2S5,5.10E-06,,,,10.1016/j.ssi.2012.02.034
1136,0.5Li2S-0.2Li2O-0.3P2S5,8.33E-06,,,,
1137,0.55Li2S-0.15Li2O-0.3P2S5,1.01E-05,,,,
1138,0.6Li2S-0.1Li2O-0.3P2S5,2.29E-05,,,,
1139,0.65Li2S-0.05Li2O-0.3P2S5,2.48E-05,,,,10.1016/j.ssi.2012.02.034
1140,0.7Li2S- 0.3P2S5,5.34E-05,,,,
1141,0.9Li3PS4·10ZnO,2.90E-04,,,,
1142,0.7Li2S-0.3P2S5,7.10E-04,0.23,,,10.1016/j.jpowsour.2015.02.160
1143,0.7Li2S-0.29P2S5-0.01Li3PO4,1.83E-03,0.19,,,
1144,0.7Li2S-0.28P2S5-0.02Li3PO4,9.89E-04,0.21,,,10.1016/j.jpowsour.2015.02.160
1145,0.7Li2S-0.27P2S5-0.03Li3PO4,4.40E-04,0.25,,,10.1016/j.jpowsour.2015.02.160
1146,0.7Li2S-0.25P2S5-0.05Li3PO4,2.67E-04,0.29,,,
1147,0.7Li2S-0.3P2S5,1.67E-03,0.23,,,10.1016/j.jpowsour.2017.04.083
1148,0.99(0.7Li2S-0.3P2S5)- 0.01Li2ZrO3,2.86E-03,0.18,,,
1149,0.98(0.7Li2S-0.3P2S5)- 0.02Li2ZrO3,1.22E-03,0.25,,,
1150,0.95(0.7Li2S-0.3P2S5)- 0.05Li2ZrO3,7.42E-04,0.29,,,
1151,Li2.7PO3.9,7.00E-08,0.68,,,
1152,Li3.6(Si0.19P0.82)O4.2,2.00E-07,0.57,,,10.1016/0378-7753(93)80106-y
1153,Li3.1PO3.8N0.16,2.00E-06,0.57,,,10.1016/0378-7753(93)80106-y
1154,Li3.3PO3.8N0.22,2.40E-06,0.56,,,10.1016/0378-7753(93)80106-y
1155,Li2.9PO3.3N0.46,3.30E-06,0.54,,,10.1016/0378-7753(93)80106-y
1156,Li4.4PO4.3,9.39E-07,0.64,,,10.1016/j.ssi.2011.01.006
1157,Li4.0PO3.9N0.4,1.70E-06,0.62,,,10.1016/j.ssi.2011.01.006
1158,Li3.7PO3.4N0.7,2.36E-06,0.6,,,10.1016/j.ssi.2011.01.006
1159,Li3.5PO3.2N0.8,2.59E-06,0.59,,,10.1016/j.ssi.2011.01.006
1160,Li3.4PO3.1N0.9,2.81E-06,0.58,,,10.1016/j.ssi.2011.01.006
1161,Li3.2PO3.0N,2.99E-06,0.57,,,10.1016/j.ssi.2011.01.006
1162,Li2.9PO2.6N0.91,2.10E-06,0.52,,,
1163,Li1.8PO1.2N1.5,1.70E-06,0.49,,,
1164,Li3.3PO2.9N0.83,3.10E-06,0.47,,,10.1016/j.ssi.2011.04.001
1165,0.45B2S3-0.55Li2S,8.19E-05,0.23,,,
1166,0.815(0.45B2S3-0.55Li2S)-0.185LiI,3.08E-04,0.2,,,
1167,0.69(0.45B2S3-0.55Li2S)-0.31LiI,7.58E-04,0.23,,,10.1016/0167-2738(92)90314-f
1168,0.33B2S3-0.67Li2S,2.26E-04,0.31,,,10.1016/0167-2738(92)90314-f
1169,0.95(0.33B2S3-0.67Li2S)-0.05LiI,4.37E-04,0.29,,,10.1016/0167-2738(92)90314-f
1170,0.9(0.33B2S3-0.67Li2S)-0.1LiI,4.81E-04,0.28,,,10.1016/0167-2738(92)90314-f
1171,0.85(0.33B2S3-0.67Li2S)-0.15LiI,4.92E-04,0.28,,,
1172,0.75(0.33B2S3-0.67Li2S)-0.25LiI,6.10E-04,0.27,,,
1173,0.66(0.33B2S3-0.67Li2S)-0.34LiI,5.22E-04,0.32,,,10.1016/0167-2738(92)90314-f
1174,0.6(0.33B2S3-0.67Li2S)-0.4LiI,4.89E-04,0.35,,,10.1016/0167-2738(92)90314-f
1175,0.29B2S3-0.71Li2S,2.71E-04,0.32,,,
1176,0.95(0.29B2S3-0.71Li2S)-0.05LiI,3.72E-04,0.31,,,
1177,0.875(0.29B2S3-0.71Li2S)-0.125LiI,6.27E-04,0.29,,,
1178,0.78(0.29B2S3-0.71Li2S)-0.22LiI,6.56E-04,0.29,,,10.1016/0167-2738(92)90314-f
1179,0.64(0.29B2S3-0.71Li2S)-0.36LiI,8.10E-04,0.36,,,
1180,0.25B2S3-0.75Li2S,3.03E-04,0.36,,,10.1016/0167-2738(92)90314-f
1181,0.92(0.25B2S3-0.75Li2S)-0.08LiI,3.83E-04,0.3,,,10.1016/0167-2738(92)90314-f
1182,0.89(0.25B2S3-0.75Li2S)-0.11LiI,3.48E-04,0.33,,,
1183,0.5Li2S-0.5SiS2,4.80E-05,,,,10.1016/0378-7753(93)80110-b
1184,0.985(0.5Li2S-0.5SiS2)-0.015Li3PO4,6.28E-05,,,,
1185,0.975(0.5Li2S-0.5SiS2)-0.025Li3PO4,8.76E-05,,,,10.1016/0378-7753(93)80110-b
1186,0.95(0.5Li2S-0.5SiS2)-0.05Li3PO4,8.68E-05,,,,
1187,0.9(0.5Li2S-0.5SiS2)-0.1Li3PO4,6.76E-05,,,,
1188,0.6Li2S-0.4SiS2,1.85E-04,,,,10.1016/0378-7753(93)80110-b
1189,0.99(0.6Li2S-0.4SiS2)-0.01Li3PO4,2.53E-04,,,,
1190,0.97(0.6Li2S-0.4SiS2)-0.03Li3PO4,3.97E-04,,,,10.1016/0378-7753(93)80110-b
1191,0.95(0.6Li2S-0.4SiS2)-0.05Li3PO4,2.03E-04,,,,
1192,0.9(0.6Li2S-0.4SiS2)-0.1Li3PO4,5.20E-05,,,,
1193,0.61Li2S-0.39SiS2,5.24E-04,,,,10.1016/0378-7753(93)80110-b
1194,0.99(0.61Li2S-0.39SiS2)-0.01Li3PO4,5.05E-04,,,,10.1016/0378-7753(93)80110-b
1195,0.985(0.61Li2S-0.39SiS2)-0.015Li3PO4,5.96E-04,,,,10.1016/0378-7753(93)80110-b
1196,0.98(0.61Li2S-0.39SiS2)-0.02Li3PO4,7.69E-04,,,,
1197,0.975(0.61Li2S-0.39SiS2)-0.025Li3PO4,6.36E-04,,,,
1198,0.97(0.61Li2S-0.39SiS2)-0.03Li3PO4,5.83E-04,,,,
1199,0.95(0.61Li2S-0.39SiS2)-0.05Li3PO4,4.68E-04,,,,
1200,0.9(0.61Li2S-0.39SiS2)-0.1Li3PO4,1.28E-04,,,,10.1016/0378-7753(93)80110-b
1201,0.99(0.65Li2S-0.35SiS2)-0.01Li3PO4,3.60E-04,,,,
1202,0.97(0.65Li2S-0.35SiS2)-0.03Li3PO4,2.62E-04,,,,
1203,0.95(0.65Li2S-0.35SiS2)-0.05Li3PO4,1.81E-04,,,,10.1016/0378-7753(93)80110-b
1204,0.9(0.65Li2S-0.35SiS2)-0.1Li3PO4,7.13E-05,,,,
1205,0.7Li2S-0.3P2S5,5.20E-03,,,,10.1111/j.1551-2916.2010.04335.x
1206,LiI,3.07E-07,,,,10.1149/1.2408351
1207,0.998LiI-0.002CaI2,9.80E-07,,,,10.1149/1.2408351
1208,0.99LiI-0.01CaI2,5.54E-06,0.43,,,10.1149/1.2408351
1209,LiI,2.74E-08,0.43,,,10.1016/0167-2738(83)90219-9
1210,0.8LiI-0.2Al2O3,6.84E-06,0.35,,,10.1016/0167-2738(83)90219-9
1211,0.7LiI-0.3Al2O3,2.07E-05,0.33,,,10.1016/0167-2738(83)90219-9
1212,0.6LiI-0.4Al2O3,3.94E-05,0.33,,,10.1016/0167-2738(83)90219-9
1213,0.5LiI-0.5Al2O3,2.58E-05,0.33,,,
1214,0.4LiI-0.6Al2O3,6.76E-06,0.37,,,
1215,Li3.5P0.5Si0.5O4,4.27E-07,0.57,,,10.1002/adma.19960080205
1216,Li3.5P0.5Ge0.5O4,7.89E-06,0.56,,,10.1002/adma.19960080205
1217,Li3.5As0.5Si0.5O4,4.05E-06,0.55,,,10.1002/adma.19960080205
1218,Li3.5V0.5Si0.5O4,1.20E-05,0.53,,,
1219,Li3.5As0.5Ge0.5O4,2.83E-05,0.51,,,
1220,Li3.5V0.5Ge0.5O4,3.00E-05,,,,10.1002/adma.19960080205
1221,Li3.5As0.5Ti0.5O4,3.22E-05,0.52,,,
1222,Li3.5As0.5V0.5O4,4.01E-05,0.49,,,10.1002/adma.19960080205
1223,LiHf2(PO4)3-0.1Li2O,1.12E-04,,,,10.1002/adma.19960080205
1224,LiHf2(PO4)3-0.2Li2O,2.78E-05,,,,10.1002/adma.19960080205
1225,LiHf2(PO4)3-0.3Li2O,2.58E-05,,,,
1226,LiHf2(PO4)3-0.4Li2O,3.40E-05,,,,
1227,LiTi2(PO4)3,1.69E-06,0.3,,,
1228,0.95LiTi2(PO4)3-0.05Li3PO4,5.52E-05,0.29,,,
1229,0.9LiTi2(PO4)3-0.1Li3PO4,1.38E-04,0.28,,,10.1016/0167-2738(91)90247-9
1230,0.8LiTi2(PO4)3-0.2Li3PO4,1.93E-04,0.31,,,
1231,0.7LiTi2(PO4)3-0.3Li3PO4,2.45E-04,0.3,,,
1232,0.95LiTi2(PO4)3-0.05Li3BO3,3.59E-05,0.3,,,
1233,0.9LiTi2(PO4)3-0.1Li3BO3,2.54E-04,0.3,,,
1234,0.8LiTi2(PO4)3-0.2Li3BO3,2.97E-04,0.3,,,
1235,0.7LiTi2(PO4)3-0.3Li3BO3,2.45E-04,0.29,,,
1236,0.5LiTi2(PO4)3-0.5Li3BO3,2.73E-05,0.31,,,10.1016/0167-2738(91)90247-9
1237,LiTi2(PO4)3,1.00E-04,,,,10.1149/1.2086597; 10.1246/cl.1990.331
1238,LiTi2(PO4)3-0.15LiPO4,6.00E-04,,,,10.1246/cl.1990.331
1239,LiTi2(PO4)3-0.3LiPO4,9.92E-04,,,,
1240,LiTi2(PO4)3-0.6LiPO4,1.23E-03,,,,10.1246/cl.1990.331
1241,LiTi2(PO4)3-0.9LiPO4,1.10E-03,,,,10.1246/cl.1990.331
1242,LiTi2(PO4)3-0.15LiBO3,4.80E-04,,,,10.1246/cl.1990.331
1243,LiTi2(PO4)3-0.3LiBO3,1.66E-03,,,,
1244,LiTi2(PO4)3-0.6LiBO3,1.12E-03,,,,10.1246/cl.1990.331
1245,LiTi2(PO4)3-0.9LiBO3,8.91E-04,,,,10.1246/cl.1990.331
1246,LiTi2(PO4)3-1.5LiBO3,6.48E-04,,,,
1247,LiTi2(PO4)3-0.2Li2SO4,8.35E-04,,,,10.1246/cl.1990.331
1248,LiTi2(PO4)3-0.4Li2SO4,1.66E-03,,,,10.1246/cl.1990.331
1249,LiTi2(PO4)3-0.6Li2SO4,5.67E-04,,,,
1250,LiTi2(PO4)3-0.4LiCl,6.45E-04,,,,10.1246/cl.1990.331
1251,LiTi2(PO4)3-0.8LiCl,1.28E-03,,,,10.1246/cl.1990.331
1252,LiTi2(PO4)3-1.2LiCl,1.02E-03,,,,10.1246/cl.1990.331
1253,LiTi2(PO4)3-0.4LiNO3,1.18E-03,,,,10.1246/cl.1990.331
1254,LiTi2(PO4)3-0.8LiNO3,1.49E-03,,,,10.1246/cl.1990.331
1255,LiTi2(PO4)3-1.2LiNO3,9.95E-04,,,,10.1246/cl.1990.331
1256,Li0.39La0.54TiO3,1.08E-03,0.316,,,10.1016/s0013-4686(02)00848-4
1257,(Li0.39La0.54)1.006Al0.006Ti0.994O3,1.13E-03,0.308,,,
1258,(Li0.39La0.54)1.01Al0.02Ti0.98O3,1.58E-03,0.278,,,10.1016/s0013-4686(02)00848-4
1259,(Li0.39La0.54)1.03Al0.06Ti0.94O3,1.39E-03,0.29,,,10.1016/s0013-4686(02)00848-4
1260,(Li0.39La0.54)1.005Cr0.01Ti0.99O3,9.52E-04,0.3,,,
1261,(Li0.39La0.54)1.01Cr0.02Ti0.98O3,1.01E-03,0.315,,,10.1016/s0013-4686(02)00848-4
1262,(Li0.39La0.54)1.025Cr0.05Ti0.95O3,1.04E-03,0.298,,,10.1016/s0013-4686(02)00848-4
1263,La0.51Li0.34TiO2.94,1.00E-03,0.38,,,
1264,La0.57Li0.26TiO2.99,1.00E-03,0.34,,,
1265,La0.6Li0.16TiO3.01,6.30E-04,0.33,,,10.1016/0167-2738(94)90309-3
1266,La0.64Li0.067TiO3,7.90E-05,0.36,,,10.1016/0167-2738(94)90309-3
1267,(La0.5Li0.5)0.95Sr0.05TiO3,1.49E-03,,,,10.1016/0167-2738(94)90309-3
1268,(La0.5Li0.5)0.9Sr0.1TiO3,1.30E-03,,,,10.1016/0167-2738(94)90309-3
1269,(La0.5Li0.5)0.75Sr0.25TiO3,8.99E-05,,,,
1270,(La0.5Li0.5)0.95Ba0.05TiO3,7.61E-04,,,,10.1016/0167-2738(94)90309-3
1271,La0.63Li0.1Mg0.5W0.5O3,1.69E-06,0.39,,,10.1016/0167-2738(94)90309-3
1272,Li0.5La0.5TiO3,8.67E-04,0.28,,,10.1016/s0167-2738(97)00525-0
1273,Li0.5La0.5Ti0.98Sn0.02O3,4.86E-04,,,,10.1016/s0167-2738(97)00525-0
1274,Li0.5La0.5Ti0.96Sn0.04O3,3.89E-04,,,,10.1016/s0167-2738(97)00525-0
1275,Li0.5La0.5Ti0.94Sn0.06O3,3.52E-04,0.294,,,10.1016/s0167-2738(97)00525-0
1276,Li0.5La0.5Ti0.9Sn0.1O3,2.60E-04,,,,10.1016/s0167-2738(97)00525-0
1277,Li0.5La0.5Ti0.98Zr0.02O3,4.16E-04,,,,
1278,Li0.5La0.5Ti0.96Zr0.04O3,2.86E-04,,,,10.1016/s0167-2738(97)00525-0
1279,Li0.5La0.5Ti0.94Zr0.06O3,2.23E-04,,,,10.1016/s0167-2738(97)00525-0
1280,Li0.5La0.5Ti0.9Zr0.1O3,7.05E-05,,,,10.1016/s0167-2738(97)00525-0
1281,Li0.5La0.5Ti0.998Mn0.002O3,9.12E-04,,,,10.1016/s0167-2738(97)00525-0
1282,Li0.5La0.5Ti0.996Mn0.004O3,9.64E-04,,,,
1283,Li0.5La0.5Ti0.994Mn0.006O3,1.08E-03,,,,10.1016/s0167-2738(97)00525-0
1284,Li0.5La0.5Ti0.992Mn0.008O3,1.13E-03,,,,10.1016/s0167-2738(97)00525-0
1285,Li0.5La0.5Ti0.99Mn0.01O3,1.13E-03,,,,
1286,Li0.5La0.5Ti0.998Ge0.002O3,9.12E-04,,,,10.1016/s0167-2738(97)00525-0
1287,Li0.5La0.5Ti0.996Ge0.004O3,9.64E-04,,,,10.1016/s0167-2738(97)00525-0
1288,Li0.5La0.5Ti0.994Ge0.006O3,1.08E-03,,,,10.1016/s0167-2738(97)00525-0
1289,Li0.5La0.5Ti0.992Ge0.008O3,1.13E-03,0.265,,,
1290,Li0.5La0.5Ti0.99Ge0.01O3,1.13E-03,,,,10.1016/s0167-2738(97)00525-0
1291,La0.58Li0.36Ti0.95Mg0.05O3,2.10E-04,0.29,,,10.1007/bf02375549
1292,La0.56Li0.36Ti0.95Al0.05O3,6.40E-04,0.26,,,10.1007/bf02375549
1293,La0.55Li0.36Ti0.95Mn0.05O3,1.90E-04,0.29,,,10.1007/bf02375549
1294,La0.55Li0.36Ti0.95Ge0.05O3,3.60E-04,0.29,,,
1295,La0.55Li0.36Ti0.95Ru0.05O3,5.20E-05,0.28,,,10.1007/bf02375549
1296,La0.51Li0.36Ti0.95W0.05O3,7.30E-04,0.27,,,10.1007/bf02375549
1297,La0.55Li0.36Ti0.9W0.1O3,4.40E-04,0.27,,,
1298,La0.55Li0.36Ti0.995Al0.005O3,1.10E-03,0.28,,,10.1007/bf02375549
1299,La0.55Li0.36Ti0.992Al0.008O3,6.50E-04,0.29,,,
1300,La0.54Li0.36Ti0.995W0.005O3,2.60E-04,0.3,,,10.1007/bf02375549
1301,La0.54Li0.36TiO3,8.90E-04,0.29,,,10.1007/bf02375549
1302,La0.606Li0.06Ti0.94Al0.06O3,1.68E-06,0.36,,,10.1021/cm011149s
1303,La0.566Li0.1Ti0.9Al0.1O3,7.34E-06,0.35,,,10.1021/cm011149s
1304,La0.516Li0.15Ti0.85Al0.15O3,9.66E-06,0.36,,,
1305,La0.466Li0.2Ti0.8Al0.2O3,4.28E-05,0.33,,,10.1021/cm011149s
1306,La0.416Li0.25Ti0.75Al0.25O3,7.66E-05,0.35,,,10.1021/cm011149s
1307,La0.366Li0.3Ti0.7Al0.3O3,1.72E-05,0.33,,,10.1021/cm011149s
1308,Li0.12Lao.63TiO3,2.00E-04,,,,10.1149/1.2055043
1309,Li0.18Lao.61TiO3,4.43E-04,,,,
1310,Li0.24Lao.59TiO3,9.93E-04,,,,10.1149/1.2055043
1311,Li0.3Lao.57TiO3,1.10E-03,,,,
1312,Li0.39Lao.54TiO3,1.02E-03,,,,10.1149/1.2055043
1313,Li0.45Lao.52TiO3,9.05E-04,,,,10.1149/1.2055043
1314,LiZr2(PO4)3,4.77E-07,,,,10.1016/j.ceramint.2017.05.198
1315,Li1.05Al0.05Zr1.9(PO4)3,5.79E-07,,,,10.1016/j.ceramint.2017.05.198
1316,Li1.1Al0.1Zr1.8(PO4)3,6.35E-07,,,,10.1016/j.ceramint.2017.05.198
1317,Li1.2Al0.2Zr1.6(PO4)3,1.90E-06,0.48,,,
1318,Li1.225Al0.225Zr1.55(PO4)3,2.13E-06,0.48,,,
1319,Li1.25Al0.25Zr1.5(PO4)3,2.06E-06,0.48,,,10.1016/j.ceramint.2017.05.198
1320,Li1.275Al0.275Zr1.45(PO4)3,3.05E-06,0.48,,,10.1016/j.ceramint.2017.05.198
1321,Li1.3Al0.3Zr1.4(PO4)3,1.91E-06,0.48,,,
1322,LiHf2(P04)3,3.42E-06,,,,10.1016/0025-5408(89)90129-3
1323,LiHfTi(P04)3,5.63E-07,,,,10.1016/0025-5408(89)90129-3
1324,Lio.1Zr1.1Nb0.9P3O12,6.00E-06,,,,
1325,LiTi2(PO4)3,1.04E-07,,,,10.1016/0167-2738(92)90246-l
1326,Li1.1Sc0.1Ti1.9(PO4)3,1.75E-05,,,,10.1016/0167-2738(92)90246-l
1327,Li1.2Sc0.2Ti1.8(PO4)3,4.11E-05,0.34,,,10.1016/0167-2738(92)90246-l
1328,Li1.3Sc0.3Ti1.7(PO4)3,4.06E-05,,,,10.1016/0167-2738(92)90246-l
1329,Li1.4Sc0.4Ti1.6(PO4)3,9.43E-06,,,,10.1016/0167-2738(92)90246-l
1330,Li1.5Sc0.5Ti1.5(PO4)3,5.42E-07,,,,10.1016/0167-2738(92)90246-l
1331,Li1.1Y0.1Ti1.9(PO4)3,2.94E-07,,,,10.1016/0167-2738(92)90246-l
1332,Li1.2Y0.2Ti1.8(PO4)3,7.95E-07,,,,
1333,Li1.3Y0.3Ti1.7(PO4)3,1.01E-06,0.4,,,
1334,Li1.4Y0.4Ti1.6(PO4)3,2.97E-07,,,,
1335,LiTi2(PO4)3-0.5LiF,2.32E-04,0.28,,,
1336,LiTi2(PO4)3,7.18E-06,0.48,,,
1337,14Li2O-9Al2O3-38TiO2-39P2O5,1.30E-03,0.33,,,10.1016/s0167-2738(97)00434-7
1338,Li6.6La3Zr1.6Ta0.4O12,3.13E-04,0.38,,,10.1021/am503731h
1339,Li6.6La2.875Y0.125Zr1.6Ta0.4O12,3.17E-04,0.35,,,
1340,Li6.6La2.75Y0.25Zr1.6Ta0.4O12,4.36E-04,0.34,,,
1341,Li6.6La2.5Y0.5Zr1.6Ta0.4O12,2.26E-04,0.39,,,10.1021/am503731h
1342,Li2ZrS3,7.30E-06,,,,
1343,Li2.2Zn0.1Zr0.9S3,1.20E-04,,,,10.1016/j.ssi.2008.01.055
1344,0.7Li2S-0.3P2S5,8.10E-05,0.425,,,10.1021/acs.chemmater.6b02163.s001
1345,Li7PS6,1.61E-06,0.16,,,10.1002/zaac.201100158
